date,AAPL,ABBV,ABT,ACN,AMD,AMGN,AMZN,AVGO,BAC,BRK-B,COST,CRM,CSCO,DIS,GOOG,GOOGL,HD,IBM,INTU,ISRG,JNJ,JPM,KO,LIN,LLY,MA,MCD,META,MRK,MSFT,NFLX,NKE,NOW,NVDA,PG,QCOM,TMO,TXN,UNH,V,VZ,WMT,XOM,CAT,CVX,GE,ORCL,PEP,PM
2018-04-03,-0.1,0.0,0.0,0.0,0.1,0.0,0.1,0.0,0.0,0.0,0.0,-0.1,0.0,0.0,0.0,0.0,0.0,0.0,0.0,0.0,0.0,0.0,0.0,0.0,0.0,0.0,-0.1,0.0,0.0,0.0,0.0,0.1,0.0,0.0,0.1,0.0,0.0,0.0,-0.1,-0.1,0.0,0.1,0.0,,,,,,
2018-06-01,0.0,0.1,0.0,0.0,0.0,0.0,,-0.1,0.0,0.0,0.0,0.0,0.0,0.0,-0.1,-0.1,0.0,0.0,0.0,0.0,0.0,0.0,0.0,0.0,-0.1,0.0,0.0,-0.1,0.0,0.0,,0.0,0.0,0.0,0.1,0.0,0.0,0.0,0.0,0.0,0.1,0.1,0.0,0.1,0.0,0.0,0.0,0.0,0.0
2018-06-18,0.1,0.0,0.0,0.0,0.0,0.0,0.0,0.0,0.0,0.0,-0.1,0.0,0.0,0.0,0.0,0.0,0.0,0.0,0.0,0.0,0.0,0.0,-0.1,0.0,0.0,0.0,0.0,0.0,0.0,0.1,0.0,-0.1,0.0,0.0,-0.1,0.0,0.0,0.0,0.0,0.0,0.0,0.0,0.1,0.1,0.1,0.0,0.0,-0.1,0.0
2018-06-25,0.0,0.0,,0.0,0.0,0.0,0.1,0.0,0.0,0.0,0.0,0.1,0.0,0.0,,0.0,0.1,0.0,0.1,,0.0,0.0,0.0,0.0,0.0,0.0,-0.1,0.0,0.0,0.0,0.0,0.0,0.0,0.1,0.0,0.0,0.0,,0.0,,-0.1,0.0,-0.1,0.0,-0.1,-0.1,0.0,0.0,0.0
2018-06-26,0.0,,0.0,0.0,0.0,-0.1,0.0,0.0,0.0,0.0,-0.1,0.0,0.0,0.0,0.0,0.0,0.0,0.0,0.0,0.0,0.0,0.0,-0.1,0.0,0.0,0.1,0.1,0.0,0.0,0.0,0.1,0.0,0.0,0.1,0.0,0.0,0.0,0.0,0.0,0.1,0.0,-0.1,,0.0,,0.0,0.0,-0.1,
2018-08-01,0.0,0.0,0.0,0.0,0.1,-0.1,0.0,0.0,0.1,0.0,0.0,0.0,0.0,0.0,0.0,0.0,,0.0,0.0,0.0,0.0,0.1,-0.1,0.0,0.0,0.0,0.1,0.0,-0.1,0.0,0.0,0.0,0.0,,0.0,-0.1,0.0,0.0,0.0,0.0,0.1,0.0,0.0,0.0,0.0,-0.1,0.0,0.0,0.0
2018-09-06,0.0,,0.0,0.0,0.0,,0.0,0.0,0.0,-0.1,0.0,0.0,0.0,0.0,0.0,0.0,0.0,,0.0,0.1,-0.1,0.0,-0.1,0.0,-0.1,0.0,,0.0,,0.1,0.1,0.0,0.1,0.0,0.0,0.0,0.0,0.0,0.0,0.1,0.0,0.0,-0.1,0.0,,0.0,0.0,,0.0
2018-09-21,0.0,0.0,0.0,0.1,0.0,0.0,,0.0,0.0,0.0,0.0,0.0,0.0,-0.1,0.0,0.0,0.1,0.0,0.0,,0.0,0.0,-0.1,0.0,0.0,0.0,0.0,,,0.0,,0.0,0.0,0.1,-0.1,0.0,0.0,0.0,0.0,0.0,0.0,0.0,0.0,0.0,0.1,0.1,-0.1,,-0.1
2018-09-24,0.0,0.0,0.0,0.0,0.0,0.0,0.0,0.0,0.0,0.0,0.0,0.0,-0.1,0.1,0.1,0.1,0.0,0.0,0.0,0.0,0.0,0.0,0.0,0.0,0.0,0.0,-0.1,0.1,0.0,0.0,0.0,0.0,0.0,0.0,0.0,0.0,0.0,-0.1,0.0,0.0,0.0,0.0,0.0,0.0,-0.1,0.1,-0.1,0.0,0.0
2018-09-27,0.0,,-0.1,0.0,0.0,0.0,0.0,0.0,0.1,0.1,0.0,0.0,0.0,-0.1,0.0,0.0,0.0,-0.1,0.0,0.0,0.0,0.1,0.0,0.0,0.0,0.0,0.0,-0.1,0.0,0.0,-0.1,0.1,,,0.0,0.0,0.0,0.0,0.0,0.0,0.0,0.0,0.1,,,0.0,0.0,0.0,0.0
2018-10-05,0.0,,0.0,0.0,0.0,0.0,0.0,,-0.1,-0.1,0.0,0.0,0.0,0.0,0.0,0.0,0.1,0.0,0.1,0.0,,-0.1,0.0,0.0,-0.1,0.1,0.0,0.0,0.0,0.0,0.0,0.1,0.1,0.0,0.0,,0.0,0.0,0.0,0.0,-0.1,0.0,0.0,0.0,0.0,0.0,0.0,0.0,0.0
2018-10-10,0.0,,0.0,0.0,0.0,0.0,0.0,,0.0,0.0,0.0,0.0,0.0,0.0,,0.0,0.1,0.1,-0.1,0.0,,0.0,0.0,0.1,0.0,0.0,0.0,,-0.1,-0.1,0.0,0.0,0.0,,0.0,0.0,0.0,0.0,0.0,0.0,0.0,-0.1,0.0,0.1,-0.1,0.0,0.1,0.0,0.0
2018-10-11,0.0,0.0,0.0,0.0,0.1,-0.1,0.0,0.0,0.0,0.1,0.0,0.0,0.0,0.1,0.0,0.0,-0.1,0.0,0.1,0.0,0.0,0.0,0.0,0.0,0.0,0.0,0.0,0.0,0.0,0.0,0.0,0.0,0.0,0.1,-0.1,0.0,0.0,0.0,0.0,0.0,0.0,-0.1,0.0,-0.1,0.0,0.0,0.0,0.0,0.0
2018-10-12,0.0,0.0,0.0,0.0,0.0,0.0,0.0,0.0,0.0,0.0,0.0,-0.1,0.0,0.0,-0.1,-0.1,0.0,0.0,0.0,0.0,0.1,0.0,0.0,0.0,0.1,0.0,0.1,-0.1,0.0,-0.1,0.0,0.0,0.0,0.0,0.1,0.0,0.0,0.0,0.0,0.0,0.0,0.0,0.0,0.0,0.0,0.0,0.0,0.0,0.1
2018-10-15,0.0,0.0,0.0,0.0,0.0,0.0,0.0,0.0,0.0,0.0,0.0,-0.1,0.0,0.0,0.0,0.0,0.0,0.0,-0.1,-0.1,0.0,0.1,0.0,0.0,0.0,0.0,0.0,0.0,0.0,0.0,0.0,0.0,-0.1,0.0,0.0,0.1,0.0,0.0,0.0,-0.1,0.0,0.0,0.1,0.0,0.1,0.1,0.0,0.0,0.0
2018-10-17,0.0,,-0.1,0.0,-0.1,0.0,0.0,0.0,0.0,0.0,0.0,0.0,0.0,0.0,0.0,0.0,0.0,0.0,0.0,0.0,-0.1,0.0,0.0,0.0,0.1,0.0,0.1,,0.0,0.0,0.0,0.0,-0.1,0.0,0.0,0.0,0.0,0.0,-0.1,0.0,0.1,0.0,0.1,,,0.1,,0.0,
2018-10-19,0.0,,0.1,0.0,,0.0,0.0,0.1,0.1,,0.0,0.0,0.0,0.0,0.0,0.0,0.1,0.0,0.0,0.0,0.0,0.0,0.0,-0.1,0.0,0.0,0.0,,-0.1,0.0,0.0,0.0,0.0,0.0,0.0,,0.0,0.0,0.0,0.0,-0.1,0.0,-0.1,0.1,0.0,0.0,,0.0,-0.1
2018-10-22,0.0,0.0,0.0,0.0,0.1,0.0,0.0,0.0,0.0,0.0,0.0,0.0,0.0,-0.1,,0.0,0.0,0.0,0.0,0.1,0.0,0.0,-0.1,0.0,0.0,0.0,0.0,,0.0,0.0,0.0,0.0,0.1,0.1,-0.1,,0.0,0.0,0.0,0.0,0.0,0.0,0.0,0.1,0.0,0.0,0.0,-0.1,-0.1
2018-10-24,0.0,0.0,0.0,0.0,0.0,0.0,0.0,0.0,0.0,0.0,0.0,0.0,0.0,0.0,0.0,0.0,0.0,0.0,0.0,0.0,0.0,0.0,-0.1,0.0,0.1,0.0,-0.1,,0.0,0.0,0.0,0.0,0.0,0.1,0.0,0.0,0.0,0.0,-0.1,0.0,-0.1,0.0,0.1,0.1,0.1,-0.1,0.0,0.0,0.0
2018-10-25,0.0,0.0,0.0,0.0,0.0,0.1,0.0,0.0,0.0,0.0,0.0,0.0,0.0,0.1,0.0,0.0,0.0,0.0,0.0,0.0,0.0,0.0,-0.1,0.0,0.0,0.0,0.0,0.1,0.0,0.0,0.0,0.0,0.0,0.0,-0.1,0.0,-0.1,0.1,0.0,0.0,0.0,-0.1,0.0,0.0,0.0,0.1,0.0,-0.1,0.0
2018-10-26,0.0,0.0,0.0,0.0,0.1,0.0,-0.1,0.0,0.0,0.0,0.0,0.0,0.0,0.0,0.0,0.0,0.0,0.0,,0.0,0.0,0.0,0.0,0.0,0.0,0.0,0.0,,0.1,-0.1,0.0,0.0,0.0,0.0,0.0,0.0,-0.1,0.1,0.0,-0.1,0.1,0.0,0.0,0.0,0.0,0.1,0.0,0.0,-0.1
2018-10-29,0.0,0.0,0.0,0.0,,0.0,0.1,0.0,0.0,0.0,0.1,0.0,0.0,0.0,0.0,0.0,0.1,0.0,,0.0,0.0,0.0,0.0,0.0,0.0,0.0,0.0,0.0,-0.1,0.0,0.0,0.0,0.0,0.0,0.0,0.0,-0.1,0.0,0.0,0.0,0.0,-0.1,0.0,-0.1,-0.1,0.0,0.0,0.1,0.1
2018-10-30,0.0,,0.0,,,0.0,0.1,,0.0,0.0,0.0,0.0,0.0,0.0,0.1,0.1,0.0,0.1,0.0,0.0,0.0,-0.1,-0.1,0.0,0.0,0.0,0.0,0.0,-0.1,0.0,0.0,0.0,0.0,0.1,0.0,0.0,0.0,0.0,0.0,0.0,-0.1,0.0,0.0,0.0,0.0,0.0,0.0,-0.1,0.0
2018-10-31,0.0,0.0,0.0,0.0,,0.0,0.1,,0.0,0.0,0.0,0.0,0.0,0.0,0.0,0.0,0.0,0.1,,0.0,-0.1,0.0,-0.1,0.0,0.0,0.1,-0.1,0.0,0.0,0.0,0.0,0.0,0.0,0.0,0.0,0.0,0.0,0.0,0.0,0.1,-0.1,-0.1,0.0,0.0,0.0,0.1,0.0,0.0,0.0
2018-11-01,0.0,0.1,0.0,0.0,,0.0,0.0,,0.0,0.0,0.0,0.0,0.0,0.0,0.0,0.0,0.0,0.0,0.0,-0.1,0.0,0.0,0.0,0.0,0.0,-0.1,0.0,-0.1,0.0,0.0,0.0,0.0,-0.1,0.0,0.0,,0.0,0.0,0.0,-0.1,0.1,0.1,0.0,0.0,0.0,0.0,0.0,0.1,0.1
2018-11-02,0.0,-0.1,0.0,,-0.1,0.0,0.0,0.0,,0.0,0.0,,0.0,0.0,0.0,0.0,-0.1,0.0,,0.0,0.0,0.0,0.0,0.1,0.0,0.0,0.0,0.0,0.0,0.1,-0.1,,,0.0,0.0,,0.0,-0.1,0.0,0.0,0.1,0.0,0.0,0.0,0.0,0.1,0.1,0.0,0.0
2018-11-05,0.1,0.0,0.0,0.0,,0.1,0.0,0.1,0.0,0.0,0.0,,0.0,0.0,0.0,0.0,0.0,0.0,0.0,0.0,0.0,0.0,0.0,0.0,0.0,0.0,-0.1,0.0,0.0,0.0,0.0,0.0,,,0.0,0.0,0.0,0.1,0.0,0.0,-0.1,-0.1,-0.1,0.0,-0.1,0.1,0.0,0.0,0.0
2018-11-16,0.0,0.0,0.0,0.0,,0.0,0.0,-0.1,-0.1,0.0,0.1,0.0,-0.1,0.0,0.0,0.0,0.1,0.0,,0.0,0.0,-0.1,0.0,0.0,0.0,0.0,0.0,0.0,0.0,0.0,,0.1,,0.0,0.0,0.0,0.0,0.0,0.1,0.0,0.0,0.1,0.0,0.0,0.0,0.0,-0.1,0.0,0.0
2018-11-20,0.0,0.0,0.0,0.0,,0.0,0.0,0.0,,0.0,,0.1,0.0,0.0,0.0,0.0,0.0,,0.0,0.1,-0.1,-0.1,-0.1,0.0,0.0,0.0,0.0,0.1,-0.1,0.0,0.0,,0.1,0.1,0.0,0.0,0.0,0.0,0.0,0.0,0.0,0.0,,0.0,,0.0,0.0,0.0,-0.1
2018-11-21,0.0,0.0,0.0,0.0,,-0.1,0.0,0.0,0.0,0.0,0.1,0.0,0.0,0.0,-0.1,0.0,0.0,0.0,0.0,0.0,0.0,0.0,0.1,0.0,0.0,0.0,0.0,0.0,0.0,0.0,0.0,0.0,0.0,-0.1,0.1,0.0,-0.1,-0.1,0.0,0.0,0.0,0.1,0.0,0.0,0.0,0.0,0.0,0.1,
2018-11-29,0.0,,-0.1,0.0,0.0,0.0,0.0,0.1,0.0,0.0,-0.1,-0.1,0.0,0.0,0.0,0.0,0.0,,0.0,0.0,-0.1,0.1,0.0,0.0,0.0,0.0,0.0,0.1,0.0,0.0,0.0,,0.0,0.0,0.1,0.0,0.0,,0.0,0.0,0.1,0.0,,0.0,0.0,,0.0,-0.1,
2018-12-03,0.0,-0.1,0.0,0.0,,-0.1,0.0,0.0,0.0,0.0,0.0,0.0,0.0,0.1,0.0,0.0,0.0,0.0,0.0,0.0,0.0,0.0,-0.1,0.0,0.0,0.0,0.0,0.0,0.0,0.0,0.1,0.0,0.0,0.0,-0.1,0.0,0.0,0.0,0.1,0.0,0.0,0.0,0.0,0.0,0.0,0.1,0.0,-0.1,0.1
2018-12-04,0.0,0.0,0.0,0.0,-0.1,0.1,0.0,0.0,0.0,0.0,0.0,0.0,0.0,0.0,0.0,0.0,0.0,0.0,0.0,0.0,0.0,0.0,0.0,-0.1,0.0,-0.1,0.1,0.0,0.0,0.0,0.0,-0.1,0.0,0.0,0.1,0.0,0.0,0.0,0.0,0.0,0.1,0.0,-0.1,0.0,0.0,,0.0,0.1,0.0
2018-12-06,0.0,0.0,0.0,-0.1,0.1,0.0,0.0,0.0,0.1,0.0,0.0,-0.1,0.0,0.0,0.0,0.0,0.0,0.0,-0.1,0.0,-0.1,0.1,0.0,0.0,0.0,0.0,0.0,0.0,0.0,-0.1,0.0,0.0,0.0,0.0,0.0,0.0,0.0,0.0,0.0,0.0,0.0,0.1,0.0,0.0,0.0,,0.0,0.0,0.1
2018-12-07,0.0,0.0,0.0,0.1,,0.0,0.0,0.0,0.1,0.0,-0.1,0.0,-0.1,0.0,0.0,0.0,0.0,-0.1,0.0,0.0,0.0,0.1,0.0,0.1,0.0,0.0,0.0,0.0,0.0,0.0,-0.1,0.0,-0.1,0.0,0.0,0.0,0.0,0.0,0.0,0.0,0.0,0.0,0.0,0.0,0.0,,0.1,0.0,0.0
2018-12-18,-0.1,0.0,0.0,0.0,0.0,0.0,0.0,-0.1,-0.1,-0.1,0.0,0.0,0.0,0.0,0.0,0.0,0.0,0.0,0.0,0.0,0.0,0.0,0.1,-0.1,0.1,0.0,0.0,0.0,0.0,0.0,,0.0,0.0,,0.1,0.0,0.0,0.0,0.0,0.0,0.1,0.0,0.0,0.0,0.0,,0.0,0.0,0.1
2018-12-20,0.0,0.0,0.0,0.0,0.1,0.0,0.0,0.0,0.0,0.0,0.0,0.0,0.0,0.0,0.0,0.0,0.0,0.0,0.0,,0.0,0.0,0.0,0.0,-0.1,0.0,0.0,0.1,0.0,-0.1,0.0,0.0,-0.1,,0.0,0.0,0.0,0.1,0.0,0.0,0.0,0.0,0.0,0.0,0.0,-0.1,-0.1,0.1,0.1
2018-12-21,0.0,-0.1,0.0,0.1,0.0,0.0,0.0,0.0,0.0,0.0,0.0,0.0,0.0,0.0,0.0,0.0,0.0,0.0,0.0,0.0,0.0,0.0,0.0,0.0,-0.1,0.0,0.1,-0.1,0.0,0.0,0.0,0.0,0.0,,0.0,-0.1,0.1,0.0,0.0,0.0,0.0,0.1,0.0,-0.1,0.0,0.0,0.0,0.0,0.1
2018-12-24,0.0,0.0,0.0,0.1,0.0,0.0,0.0,-0.1,0.0,-0.1,0.0,0.0,0.0,0.1,0.0,0.0,0.0,0.0,0.0,0.0,0.0,0.0,0.0,0.0,-0.1,0.0,0.0,0.1,0.0,0.0,0.0,-0.1,0.0,0.0,0.0,0.0,0.0,-0.1,0.0,0.0,0.0,0.0,0.0,0.0,0.0,0.0,0.1,0.0,0.1
2019-02-01,0.0,0.0,0.0,0.0,0.0,0.0,0.0,,0.1,0.0,0.0,0.0,0.0,0.0,0.0,0.0,0.0,0.0,0.0,0.0,0.0,0.1,0.0,,0.0,-0.1,0.1,-0.1,0.0,0.1,,0.0,-0.1,0.0,0.0,0.0,0.0,0.0,0.0,0.1,0.0,0.0,0.0,0.0,0.0,-0.1,0.0,0.0,-0.1
2019-03-18,0.0,-0.1,0.0,0.0,,0.0,0.0,-0.1,0.1,0.0,0.0,0.0,0.0,0.0,0.0,0.0,0.0,0.0,0.0,0.0,0.1,0.0,0.0,0.0,0.0,0.0,-0.1,0.1,0.0,0.0,0.0,0.0,0.0,0.0,0.0,-0.1,0.0,-0.1,0.0,0.0,0.0,0.0,0.0,0.0,0.0,0.1,0.1,0.0,0.0
2019-05-01,0.1,0.1,0.0,0.0,0.0,0.0,0.0,0.0,0.0,0.0,,,0.0,0.0,0.1,0.1,0.0,0.0,0.0,0.0,0.0,0.0,-0.1,-0.1,0.1,-0.1,0.0,0.0,0.0,0.0,,0.0,0.0,,0.0,0.0,0.0,0.0,0.0,0.0,0.0,0.0,0.0,0.0,0.0,-0.1,0.0,0.0,-0.1
2019-05-08,0.1,,0.0,0.0,0.0,0.0,-0.1,0.0,0.0,0.0,0.0,0.1,0.0,0.0,0.0,0.0,0.1,0.0,0.0,0.0,0.1,0.0,0.0,0.0,,0.0,0.0,0.1,0.0,0.0,0.0,-0.1,0.0,0.0,,0.0,0.0,0.0,0.0,,0.0,,-0.1,0.0,-0.1,0.0,0.0,,-0.1
2019-05-15,0.0,-0.1,0.0,0.0,0.0,,0.0,-0.1,0.0,0.1,0.0,0.0,0.0,0.0,0.0,0.1,0.0,0.0,0.0,,0.1,0.0,-0.1,0.0,,0.0,0.1,0.0,,0.0,,0.0,-0.1,0.0,0.0,0.0,0.0,0.0,0.1,0.0,0.0,0.0,,0.0,0.0,-0.1,0.0,0.0,
2019-05-29,0.0,0.1,0.0,0.0,-0.1,0.0,,0.0,,0.0,0.0,-0.1,0.0,,0.0,,0.0,0.0,0.0,0.0,0.0,0.0,0.0,0.0,0.0,-0.1,0.0,-0.1,0.0,0.0,,0.0,0.0,,0.1,0.0,0.0,0.0,0.0,-0.1,0.0,0.0,0.1,0.0,0.0,0.0,0.0,0.1,0.1
2019-06-04,0.0,0.0,0.0,0.0,0.0,-0.1,0.1,0.0,0.0,0.0,0.0,0.0,0.0,,0.1,0.1,0.0,0.0,0.0,0.0,0.0,0.0,-0.1,-0.1,,0.1,0.0,0.1,,0.0,0.0,0.0,0.0,,0.0,0.0,0.0,0.0,0.0,0.0,-0.1,0.0,-0.1,,0.0,,0.0,,0.0
2019-06-05,0.0,0.0,0.0,0.0,0.0,0.0,0.0,0.0,-0.1,0.0,0.0,0.0,0.0,,0.0,0.0,-0.1,0.0,0.0,0.0,0.0,0.0,0.1,0.0,,0.0,0.1,0.0,0.0,0.0,-0.1,-0.1,0.0,0.0,0.0,0.0,0.1,0.0,0.0,0.0,0.0,0.1,,,,-0.1,0.0,0.1,
2019-06-19,0.0,0.1,0.0,0.0,0.0,0.0,0.0,-0.1,0.0,0.0,0.0,0.0,0.0,0.1,0.0,0.0,0.0,0.0,0.0,0.0,0.0,0.0,,0.0,,0.0,0.0,0.0,-0.1,0.0,0.0,0.0,0.0,-0.1,0.1,0.0,0.0,-0.1,,0.0,0.0,0.0,0.0,0.0,,-0.1,0.1,0.0,0.1
2019-06-24,0.0,0.0,0.0,0.0,0.1,-0.1,0.0,0.0,0.0,0.1,0.0,0.0,0.0,0.1,0.0,0.0,0.1,0.0,0.1,0.0,0.0,0.0,0.0,0.0,0.0,0.0,0.0,0.0,0.0,0.0,0.0,0.0,0.0,0.0,0.0,0.0,0.0,0.0,-0.1,0.0,0.0,-0.1,-0.1,0.0,0.0,0.0,0.0,0.0,-0.1
2019-07-01,0.1,0.0,0.0,-0.1,,0.0,,0.0,-0.1,0.0,0.1,0.0,0.1,0.0,0.0,0.0,0.0,0.0,0.0,0.0,0.1,-0.1,0.0,0.0,0.0,0.0,0.0,0.0,0.0,0.0,,0.0,0.1,0.0,0.0,0.0,0.0,0.0,0.0,-0.1,0.0,0.0,0.0,0.0,-0.1,,0.0,0.0,0.0
2019-08-01,-0.1,0.0,0.0,0.0,0.1,-0.1,0.0,,-0.1,0.0,0.0,0.0,,0.0,0.0,0.0,0.0,0.0,-0.1,,0.0,-0.1,0.0,0.1,0.0,0.0,0.0,0.0,0.0,0.1,0.0,0.0,0.0,0.0,0.0,0.0,0.0,0.0,0.0,0.0,0.1,0.0,0.0,0.0,0.0,0.0,0.0,0.1,0.0
2019-08-02,0.0,0.0,0.0,-0.1,0.0,0.0,0.0,,0.1,0.0,0.0,0.0,0.0,0.0,0.0,0.0,0.0,-0.1,-0.1,0.0,0.0,0.1,0.0,0.0,0.0,-0.1,0.0,0.0,0.0,-0.1,0.0,0.1,0.0,0.0,0.0,0.0,0.0,0.0,0.0,0.0,0.0,0.0,0.1,0.0,0.1,0.0,,0.0,0.0
2019-08-05,0.0,0.0,0.0,0.0,,0.0,0.0,,0.0,-0.1,0.0,0.1,0.1,,0.0,0.0,,0.1,0.0,0.0,0.0,0.0,0.0,0.0,-0.1,0.0,-0.1,0.0,0.0,0.0,0.0,0.1,0.1,0.0,0.0,0.0,0.0,0.0,,0.0,0.0,0.0,0.0,0.0,0.0,0.0,-0.1,0.0,-0.1
2019-08-06,0.0,-0.1,0.0,0.1,0.0,0.0,0.0,0.0,0.0,0.0,0.0,-0.1,0.0,0.0,0.0,0.0,0.0,0.0,0.0,0.0,0.0,0.0,0.0,-0.1,0.1,0.0,0.1,0.0,0.0,0.0,0.0,-0.1,-0.1,0.0,0.0,0.0,0.0,0.0,0.0,0.0,0.0,0.1,0.0,0.0,0.0,0.0,0.0,0.0,0.1
2019-08-07,0.0,0.1,0.0,0.0,,0.0,0.0,,0.0,0.0,0.0,0.1,0.0,-0.1,0.0,0.0,0.0,0.0,0.0,0.0,0.0,0.0,0.0,0.1,-0.1,0.0,-0.1,0.0,0.0,0.0,0.0,-0.1,0.0,,0.0,0.1,-0.1,0.0,0.0,0.0,0.0,0.0,0.0,,0.0,0.1,0.0,0.0,0.0
2019-08-15,0.0,0.0,,0.0,0.0,0.0,0.0,0.0,0.0,0.0,0.0,0.0,0.0,0.0,0.0,0.0,0.0,0.0,0.0,0.0,0.1,0.0,0.0,0.1,0.1,-0.1,0.0,0.0,0.1,0.0,0.0,0.0,0.0,-0.1,0.0,-0.1,0.0,-0.1,0.0,0.0,0.0,0.0,0.0,0.0,0.1,0.0,0.0,-0.1,0.0
2019-08-26,0.0,0.0,0.0,0.0,0.0,0.0,0.0,0.1,0.0,0.0,0.0,-0.1,0.0,0.0,0.0,0.0,0.0,0.0,-0.1,0.0,0.1,0.0,0.0,0.0,0.0,0.0,0.1,-0.1,0.0,0.0,,0.0,-0.1,0.0,0.0,0.1,0.0,0.0,-0.1,0.0,0.0,0.0,0.0,0.1,0.0,0.0,,0.0,0.0
2019-09-10,0.0,0.0,0.0,0.1,0.0,0.0,0.0,0.0,-0.1,-0.1,0.0,0.0,0.0,,0.0,0.0,0.0,0.0,0.1,,0.0,-0.1,0.0,0.1,0.0,0.0,0.0,0.0,0.1,0.0,0.0,,0.1,0.0,0.0,,0.0,0.0,0.0,0.0,0.0,0.0,0.0,-0.1,0.0,,-0.1,0.0,0.0
2019-09-11,0.0,-0.1,0.0,0.1,,0.0,,0.0,0.0,0.0,0.0,0.0,,0.0,0.0,0.0,0.0,0.0,0.0,0.0,-0.1,0.0,0.0,0.0,0.0,0.1,0.1,0.0,0.0,0.0,0.0,0.0,0.0,0.0,0.1,0.0,0.0,0.0,0.0,0.1,-0.1,0.0,0.0,-0.1,-0.1,0.0,0.0,0.0,0.0
2019-09-23,0.0,-0.1,0.0,0.0,0.0,0.0,0.1,0.0,0.0,0.0,0.0,0.0,-0.1,0.0,0.0,0.0,0.1,0.0,0.0,0.0,-0.1,0.0,0.1,0.0,-0.1,0.0,0.0,0.0,-0.1,0.0,0.1,0.0,0.0,0.0,0.0,0.1,0.0,0.0,0.0,0.0,0.0,0.0,0.0,0.0,0.0,0.0,0.0,0.0,0.0
2019-09-25,0.0,0.0,,0.0,0.0,0.0,0.1,0.0,0.0,0.0,0.0,,0.0,0.0,0.0,0.0,0.0,0.0,0.0,-0.1,0.0,0.0,-0.1,0.0,0.0,0.0,0.0,0.1,0.0,0.0,0.1,0.0,0.1,0.0,-0.1,0.0,0.0,0.0,0.0,0.0,-0.1,-0.1,0.0,,0.0,0.1,0.0,0.0,0.0
2019-10-03,0.0,0.0,0.0,0.0,,,0.0,,0.0,0.0,-0.1,,0.0,-0.1,0.0,0.0,0.0,0.0,0.0,0.0,-0.1,0.0,0.1,0.0,0.1,0.0,0.0,-0.1,0.0,0.0,0.0,0.0,0.0,,0.1,,0.0,-0.1,0.0,0.0,0.0,0.0,0.0,0.0,0.1,,0.0,0.1,0.0
2019-10-21,0.0,-0.1,0.0,0.0,,,0.0,,0.0,0.0,0.0,0.0,0.0,0.0,0.0,0.0,0.0,0.0,0.0,-0.1,0.1,0.0,-0.1,,,0.1,0.0,0.1,-0.1,0.0,0.1,0.0,0.1,0.0,0.0,0.0,,0.0,0.0,0.0,-0.1,0.0,0.0,0.0,0.0,,0.0,0.0,0.0
2019-11-08,0.0,0.0,0.0,0.0,0.0,0.0,0.1,0.0,0.0,0.0,-0.1,,0.0,0.0,0.0,0.0,,0.0,-0.1,0.0,,0.0,0.1,,0.1,0.0,0.0,0.0,0.0,,0.0,0.0,0.0,0.0,0.0,-0.1,0.0,0.0,-0.1,0.0,0.0,,-0.1,0.0,0.0,0.0,0.0,0.1,0.1
2019-11-18,0.0,0.0,-0.1,0.0,0.0,0.0,0.1,0.0,,0.1,,,0.0,0.1,0.0,0.0,0.0,0.0,0.0,0.0,-0.1,0.0,,0.0,0.0,,,0.0,0.0,0.0,0.0,-0.1,0.0,0.1,0.0,0.0,0.0,0.0,-0.1,0.0,0.0,0.1,0.0,0.0,0.0,0.0,,0.0,-0.1
2019-11-21,0.0,0.1,0.0,,0.0,0.0,0.0,0.1,0.0,0.0,0.0,0.0,0.0,0.0,0.0,0.0,0.1,0.1,-0.1,0.0,-0.1,0.0,0.0,0.0,0.0,0.0,,0.0,-0.1,0.0,,0.0,-0.1,-0.1,0.0,0.1,0.0,0.0,0.0,,0.0,0.0,0.0,0.0,0.0,0.0,0.0,,0.0
2019-11-26,0.0,0.0,0.0,0.0,0.0,-0.1,-0.1,0.0,0.0,0.0,,0.1,0.0,0.0,,0.0,0.0,,0.1,-0.1,0.0,0.0,0.0,0.0,0.0,0.0,0.0,0.0,0.0,0.0,0.0,0.1,0.0,-0.1,,0.0,0.0,,-0.1,,0.1,0.0,0.1,0.0,0.0,0.0,,0.0,0.0
2019-11-27,0.0,0.0,0.0,-0.1,0.1,0.0,0.0,0.1,0.0,0.0,0.0,0.0,0.0,0.0,,,0.0,0.1,-0.1,0.0,0.0,0.0,-0.1,0.1,0.0,0.0,0.0,0.0,-0.1,0.0,,0.0,0.0,0.1,0.0,0.0,0.0,0.0,,0.0,0.0,0.0,0.0,,0.0,0.0,0.0,-0.1,0.0
2019-12-04,0.1,0.0,,,0.0,0.0,0.0,0.0,0.1,0.1,0.0,-0.1,0.0,0.0,-0.1,-0.1,0.0,0.0,0.0,0.0,0.0,0.1,0.0,-0.1,-0.1,,0.0,0.0,0.0,0.0,,0.0,0.0,0.0,0.0,0.0,,0.0,0.0,,0.0,0.0,0.0,0.0,0.0,0.0,0.1,0.0,0.0
2019-12-17,0.0,0.0,,0.1,0.0,-0.1,0.0,0.0,0.0,0.0,0.0,0.0,0.0,0.0,0.0,0.0,0.0,,0.0,0.0,,0.0,0.0,0.0,0.0,0.1,0.0,-0.1,0.0,0.0,,0.0,-0.1,0.0,0.0,0.0,,0.0,-0.1,0.0,0.0,0.0,0.0,,0.0,0.1,0.1,0.1,-0.1
2019-12-18,0.0,0.0,0.0,0.1,0.0,0.0,-0.1,0.0,0.0,0.0,0.0,0.0,0.0,0.0,0.0,0.0,0.0,,0.0,0.0,-0.1,0.0,,0.0,-0.1,0.0,0.1,,0.0,0.0,-0.1,0.0,0.1,0.0,0.0,0.0,0.0,0.0,0.0,0.0,0.0,-0.1,0.0,0.0,0.0,0.0,0.1,0.1,0.0
2019-12-19,0.0,0.0,0.0,-0.1,0.0,0.0,0.0,0.0,0.0,0.0,0.1,0.0,0.0,0.0,0.0,0.0,0.0,0.0,0.0,0.0,0.0,0.0,0.1,0.0,-0.1,0.0,0.0,-0.1,-0.1,0.0,0.0,0.0,,0.0,0.1,0.0,0.0,0.0,0.0,0.0,0.1,0.1,0.0,0.0,0.0,0.0,0.0,0.0,-0.1
2019-12-20,0.0,,0.0,0.0,0.0,0.0,0.0,0.1,0.0,0.0,0.0,0.0,-0.1,0.0,0.0,0.0,0.0,0.0,0.0,0.1,-0.1,0.1,0.0,0.0,0.0,,0.0,-0.1,0.0,0.0,-0.1,0.0,,-0.1,0.0,0.0,0.0,,0.0,,0.0,0.0,0.1,0.1,0.0,0.0,0.0,0.0,0.0
2019-12-23,0.0,0.0,0.1,0.0,0.0,0.0,0.0,0.0,0.0,0.0,0.0,0.0,0.0,0.0,0.1,0.1,0.0,0.0,0.0,0.0,0.0,0.0,-0.1,0.0,0.0,0.0,0.0,0.0,-0.1,0.0,0.0,0.1,0.0,0.0,0.0,0.0,0.0,-0.1,0.0,0.0,-0.1,0.0,0.0,0.0,0.0,0.0,0.0,-0.1,0.1
2020-01-03,0.0,,0.0,0.1,-0.1,0.0,0.0,0.0,,0.0,0.1,-0.1,0.0,-0.1,0.0,0.0,0.0,0.0,0.0,0.0,0.0,0.0,0.0,0.1,,0.0,-0.1,0.0,0.0,0.0,,0.0,0.0,0.0,0.1,0.0,0.1,0.0,,0.0,0.0,0.0,0.0,0.0,0.0,-0.1,0.0,0.0,0.0
2020-01-07,0.0,0.0,0.0,0.1,0.0,0.0,0.0,0.0,0.0,0.0,0.0,-0.1,0.0,0.0,-0.1,-0.1,0.0,,,0.0,0.1,0.0,0.0,0.0,,0.0,-0.1,0.0,0.0,0.0,0.0,,,0.0,0.0,0.1,0.0,0.1,0.0,0.1,0.0,0.0,0.0,,0.0,0.0,0.0,0.0,-0.1
2020-01-09,0.0,0.0,0.0,0.0,0.0,0.0,0.1,0.1,0.0,0.0,-0.1,0.0,0.0,,0.0,0.0,0.0,0.0,-0.1,0.0,0.0,0.0,0.0,0.0,0.0,0.0,-0.1,0.0,0.0,0.0,0.0,0.0,0.0,0.0,,0.1,0.0,,-0.1,,0.0,0.0,0.1,,0.1,0.0,0.0,0.0,-0.1
2020-01-10,0.0,0.0,0.0,0.0,0.0,,0.0,0.1,0.0,0.0,-0.1,0.0,0.1,,0.0,0.0,0.0,0.0,0.0,0.0,0.0,0.0,-0.1,0.0,-0.1,0.0,0.0,0.0,0.0,0.0,0.1,0.0,,0.0,-0.1,0.0,,,0.1,0.0,0.1,-0.1,0.0,,0.0,,0.0,0.0,0.0
2020-01-14,0.0,0.1,0.1,0.0,,0.1,0.0,0.0,,0.0,0.0,0.0,0.0,0.0,0.0,0.0,0.1,0.0,0.0,0.0,,0.0,-0.1,0.0,0.0,0.0,,0.0,0.0,0.0,0.0,-0.1,0.0,-0.1,-0.1,0.0,0.0,0.0,0.1,0.0,0.0,0.0,,0.0,0.0,0.0,0.0,-0.1,0.0
2020-01-15,0.1,-0.1,-0.1,0.0,0.0,-0.1,0.0,-0.1,0.0,0.0,,0.0,0.0,0.0,0.0,0.0,0.0,0.0,0.1,0.0,0.0,-0.1,0.0,0.0,0.0,0.1,,0.1,0.0,0.0,0.0,0.0,,0.1,0.0,0.0,0.0,0.0,0.0,0.0,0.0,0.0,0.0,0.0,0.0,0.0,0.0,0.0,0.0
2020-01-21,0.0,0.1,0.0,0.0,0.0,0.0,0.0,0.0,0.0,0.0,0.0,0.0,0.0,0.0,-0.1,-0.1,0.0,0.0,-0.1,0.0,0.0,0.0,0.0,0.0,0.1,0.0,0.0,0.0,0.0,0.0,0.0,0.0,0.0,0.0,0.0,-0.1,0.0,0.0,0.0,-0.1,0.0,0.1,0.0,0.0,0.1,0.0,0.1,0.0,0.0
2020-01-22,0.0,0.0,0.0,0.0,0.0,0.1,-0.1,0.0,0.1,0.0,-0.1,-0.1,0.0,0.0,0.0,0.0,0.0,0.0,0.0,0.0,0.0,,0.0,0.0,-0.1,0.0,0.0,0.0,0.1,0.0,0.0,0.0,0.0,,0.0,0.0,0.0,0.0,0.0,-0.1,0.0,0.0,0.1,,0.1,,0.0,0.0,0.0
2020-01-24,0.0,0.1,0.0,-0.1,0.0,0.0,,-0.1,0.0,0.0,,0.0,0.0,0.1,0.0,0.0,0.0,0.0,0.0,0.0,0.0,0.0,0.0,0.0,0.0,0.0,-0.1,0.0,0.0,0.0,-0.1,0.1,0.0,0.0,0.0,0.0,0.1,0.0,0.0,0.0,0.0,,0.0,0.0,0.0,-0.1,,0.0,0.1
2020-01-28,0.0,-0.1,0.0,,0.0,0.0,0.0,0.1,0.0,0.0,0.0,0.0,0.1,0.1,0.0,0.0,,0.0,,0.1,-0.1,-0.1,0.0,0.0,0.0,0.0,0.0,0.0,0.0,0.0,0.0,0.0,-0.1,0.0,0.0,0.0,0.0,0.0,0.1,0.0,0.0,-0.1,0.0,0.0,0.0,0.0,,0.0,
2020-01-31,0.0,0.1,0.0,0.0,0.0,0.0,0.0,0.0,0.0,0.0,,0.0,,0.0,0.0,0.0,0.1,0.0,,0.0,0.0,0.0,-0.1,0.0,-0.1,0.0,0.0,0.1,0.0,-0.1,0.0,0.1,-0.1,0.0,0.0,0.0,0.1,0.0,0.0,0.0,0.0,0.0,0.0,0.0,0.0,0.0,,-0.1,0.0
2020-02-03,0.0,0.0,0.0,0.0,0.0,0.1,-0.1,0.0,0.0,0.0,0.0,0.0,0.0,-0.1,0.0,0.0,0.0,-0.1,0.0,0.0,0.0,0.0,0.0,0.0,0.0,0.0,0.0,0.0,0.0,0.0,-0.1,0.0,0.0,0.0,0.0,0.0,0.0,0.0,0.0,0.1,-0.1,0.1,0.1,0.0,0.1,0.0,0.0,0.0,0.0
2020-02-04,0.0,0.0,0.0,0.0,0.0,0.0,0.0,0.0,0.0,0.0,0.1,0.0,,0.0,-0.1,-0.1,0.0,0.0,,0.0,0.0,0.0,0.0,-0.1,0.0,0.0,0.0,0.0,-0.1,0.0,0.0,-0.1,0.0,0.0,0.0,,0.0,0.0,0.0,0.0,0.1,,0.1,0.1,0.1,0.0,0.0,0.0,
2020-02-05,0.0,-0.1,,-0.1,0.0,0.0,-0.1,0.0,0.0,0.0,0.0,0.0,,0.0,0.1,0.1,,-0.1,-0.1,0.0,0.0,0.0,0.0,0.0,0.0,0.0,0.1,0.0,0.0,0.0,0.0,0.0,0.0,0.0,0.0,0.0,0.0,0.0,0.0,0.0,0.0,0.0,0.1,0.0,0.1,0.0,0.0,0.0,0.0
2020-02-06,0.0,0.0,,0.0,0.0,-0.1,0.0,0.0,0.0,0.0,0.0,0.1,0.0,0.1,0.0,0.0,0.0,-0.1,0.0,,-0.1,0.0,0.0,0.0,0.0,0.0,0.0,0.0,0.1,0.0,0.0,0.1,0.1,,0.0,0.0,0.0,0.0,-0.1,0.0,0.0,0.0,-0.1,0.0,0.0,0.0,0.0,0.0,0.0
2020-02-24,0.0,0.0,0.0,0.0,0.1,0.0,0.1,0.0,0.0,-0.1,0.0,0.1,0.0,,0.0,0.1,0.0,0.0,0.0,0.0,-0.1,0.0,-0.1,0.0,0.0,0.0,0.0,0.0,0.0,0.1,,0.0,0.0,0.0,0.0,0.0,0.0,0.0,0.0,0.0,0.0,0.0,0.0,0.0,0.0,,0.0,-0.1,-0.1
2020-02-25,0.0,0.0,0.0,0.0,0.0,0.0,0.1,0.0,0.0,0.0,0.0,-0.1,0.0,0.0,0.0,0.0,0.0,0.0,0.0,0.0,0.0,-0.1,0.1,0.0,0.0,0.0,-0.1,0.0,0.0,0.0,-0.1,0.0,0.0,0.0,0.1,-0.1,0.0,0.0,0.1,0.0,0.0,0.0,0.0,0.0,0.0,0.0,0.0,0.0,0.1
2020-02-26,0.0,0.1,0.1,0.0,-0.1,0.0,0.0,0.0,0.0,0.0,0.1,0.0,0.0,0.0,0.0,0.0,-0.1,0.0,-0.1,0.0,0.0,0.0,0.0,0.0,0.0,0.1,0.0,0.0,0.0,-0.1,0.0,0.0,0.0,0.0,0.0,0.0,0.0,-0.1,0.0,0.0,0.1,0.0,0.0,0.0,0.0,0.0,0.0,0.0,0.0
2020-02-27,-0.1,0.0,0.0,0.0,0.0,-0.1,0.0,0.0,0.0,0.0,0.0,0.0,0.0,0.1,0.0,0.0,0.0,0.0,0.1,0.0,0.0,0.0,0.0,0.0,0.0,0.0,0.1,0.0,0.0,0.0,-0.1,0.0,0.0,0.0,0.1,0.0,0.0,0.0,0.0,0.0,0.0,0.0,0.0,0.0,0.1,0.0,-0.1,0.0,-0.1
2020-02-28,0.0,0.0,0.0,0.0,0.0,0.0,0.0,0.0,0.0,0.0,0.0,0.0,0.0,0.0,0.0,0.0,0.0,0.0,0.0,-0.1,0.0,0.0,0.1,0.0,0.0,0.0,0.1,0.0,0.0,0.0,-0.1,0.0,0.0,-0.1,0.1,0.0,0.0,0.0,-0.1,0.0,0.1,0.0,0.0,0.0,0.0,0.0,-0.1,0.1,0.0
2020-03-02,0.0,0.0,0.0,0.0,0.0,0.0,0.0,0.0,0.0,0.0,0.1,0.0,0.0,0.0,0.0,0.0,0.0,0.0,0.0,0.0,0.1,0.1,0.0,0.0,0.0,0.0,0.1,0.0,0.0,-0.1,0.0,0.0,0.0,-0.1,0.0,-0.1,0.0,0.0,0.0,0.0,0.0,0.0,-0.1,0.0,0.0,-0.1,0.0,0.1,0.0
2020-03-03,0.0,0.0,0.0,0.0,0.1,0.0,0.0,0.0,0.1,0.0,-0.1,0.0,0.0,0.1,0.0,0.0,0.0,0.0,0.0,0.0,0.0,0.0,0.0,0.0,0.0,0.0,0.0,0.0,-0.1,0.0,0.0,0.0,0.0,0.1,-0.1,0.1,0.0,0.0,0.0,0.0,-0.1,-0.1,0.0,0.0,0.0,0.0,0.0,0.0,0.0
2020-03-04,0.0,0.0,0.0,0.0,-0.1,0.0,0.0,0.0,0.1,0.0,0.0,0.1,0.0,0.0,0.0,0.0,-0.1,0.0,0.0,-0.1,0.1,0.0,-0.1,0.0,0.0,0.0,0.0,0.1,0.0,0.0,0.0,0.0,0.0,0.0,0.0,0.0,-0.1,0.0,0.0,0.0,0.0,0.0,0.0,0.0,0.0,0.0,0.1,0.0,0.0
2020-03-05,0.0,0.0,0.0,0.0,0.0,0.0,0.0,0.0,0.1,0.0,0.0,0.0,0.0,0.0,0.0,0.0,0.0,0.0,0.0,0.0,-0.1,0.1,0.0,0.0,-0.1,0.0,0.0,0.0,0.0,0.0,0.0,0.0,0.0,0.0,0.0,0.0,0.0,0.0,-0.1,0.0,0.0,0.0,0.1,0.1,0.0,0.1,0.0,-0.1,-0.1
2020-03-06,0.0,0.0,0.0,0.0,0.0,-0.1,0.0,0.0,0.0,0.0,0.0,0.0,0.0,0.1,0.1,0.0,0.0,0.0,-0.1,0.0,0.0,0.0,0.0,0.0,-0.1,0.0,0.1,0.0,0.0,0.0,0.0,0.0,0.0,0.0,0.0,0.0,0.0,0.0,-0.1,0.0,0.0,0.0,0.0,0.0,-0.1,0.1,0.1,0.0,0.0
2020-03-09,0.0,0.0,-0.1,0.0,-0.1,0.0,0.0,0.0,0.1,0.0,0.0,0.0,0.0,-0.1,0.0,0.0,0.0,0.0,0.0,0.0,0.0,0.1,0.0,0.1,-0.1,0.0,0.0,0.0,0.0,0.0,0.0,0.0,0.0,0.0,0.0,0.0,0.0,0.0,0.0,0.0,0.0,-0.1,0.1,0.0,0.0,0.1,0.0,0.0,0.0
2020-03-10,0.0,0.0,0.0,0.0,0.0,0.0,0.0,0.0,0.1,0.0,-0.1,0.0,0.0,0.1,0.0,0.0,0.0,0.0,0.0,0.0,0.0,0.1,0.0,0.0,0.0,0.0,0.0,0.0,0.0,0.0,0.0,0.0,0.0,0.0,0.0,0.0,0.0,0.0,-0.1,0.0,-0.1,-0.1,0.0,0.1,0.1,0.0,-0.1,0.0,0.0
2020-03-11,0.0,0.0,0.0,0.0,0.0,0.0,0.0,0.0,0.0,0.0,0.0,0.0,0.0,-0.1,0.0,0.0,-0.1,0.0,0.0,0.0,0.0,0.0,0.0,0.1,0.0,0.0,-0.1,0.0,0.0,0.0,0.0,0.0,0.0,0.0,0.0,-0.1,0.0,0.0,0.1,0.0,0.1,0.0,0.1,0.1,0.0,0.0,-0.1,0.0,0.0
2020-03-12,0.0,0.0,0.0,0.0,-0.1,0.0,0.0,0.0,0.0,0.0,0.0,0.0,0.1,0.0,0.0,0.0,0.0,0.0,0.0,0.0,0.1,0.0,0.0,-0.1,-0.1,0.0,0.0,0.0,0.0,0.0,0.0,0.0,0.0,0.0,0.1,0.0,0.0,0.0,-0.1,0.0,0.0,0.1,0.0,0.0,-0.1,0.0,0.1,0.0,0.0
2020-03-13,0.0,0.0,-0.1,0.0,0.0,0.0,0.0,0.0,0.0,0.0,0.0,0.0,0.0,0.0,0.0,0.0,0.0,0.1,0.0,0.0,-0.1,-0.1,0.0,0.0,0.1,0.0,0.0,0.0,0.0,0.0,0.0,0.1,0.0,0.0,0.0,0.0,-0.1,0.0,0.0,-0.1,0.0,0.1,0.0,0.0,0.0,0.0,0.0,0.1,0.0
2020-03-16,0.0,0.0,0.0,0.0,0.0,0.0,0.0,0.0,-0.1,0.0,0.0,0.0,0.0,0.0,0.0,0.0,0.0,0.1,0.0,0.1,0.0,-0.1,0.1,0.0,0.0,0.0,0.0,0.0,0.0,0.0,0.0,0.1,0.0,0.0,-0.1,0.0,0.0,0.0,0.0,0.0,0.0,-0.1,0.1,0.0,0.0,0.0,-0.1,0.0,0.0
2020-03-17,0.0,0.1,0.0,0.0,0.0,0.0,-0.1,0.1,0.0,0.0,0.0,0.1,0.0,-0.1,0.0,0.0,0.1,0.0,0.0,0.0,0.0,0.0,0.0,0.0,0.0,0.0,0.1,0.0,0.0,0.0,0.0,0.0,-0.1,0.0,-0.1,0.0,0.0,0.0,0.0,0.0,0.0,0.0,0.0,-0.1,0.0,0.0,0.0,0.0,0.0
2020-03-18,0.0,0.1,0.0,0.0,0.0,-0.1,0.0,0.0,0.0,0.0,0.0,0.0,0.0,0.1,0.0,0.0,0.0,0.0,0.0,0.0,0.0,0.0,0.0,0.0,-0.1,0.1,0.1,0.0,0.0,0.0,0.0,0.0,0.0,0.0,0.0,0.0,0.0,-0.1,0.0,0.0,0.0,-0.1,0.0,0.0,0.1,0.0,0.0,-0.1,0.0
2020-03-19,0.0,0.0,0.0,0.0,0.0,0.0,-0.1,0.1,0.0,0.0,0.0,0.0,-0.1,0.0,0.0,0.0,0.0,0.0,0.0,0.0,0.0,0.0,0.0,0.0,0.0,0.0,0.0,0.0,0.0,0.0,0.0,0.0,0.0,0.0,0.0,0.0,-0.1,0.0,0.1,0.0,0.0,-0.1,0.1,0.0,0.1,0.0,-0.1,0.0,0.1
2020-03-20,0.0,0.0,0.1,-0.1,0.0,0.0,0.0,-0.1,0.0,0.0,0.0,0.0,0.0,-0.1,0.0,0.0,0.0,0.0,0.0,0.0,0.1,0.0,0.1,0.0,0.1,0.0,-0.1,0.0,0.0,0.0,-0.1,0.0,0.0,0.0,0.0,0.0,0.1,0.0,0.0,0.0,0.0,0.0,0.0,0.0,0.0,,0.0,0.0,0.0
2020-03-23,0.0,0.0,0.1,0.0,0.0,0.0,0.0,0.0,0.0,0.0,0.0,0.0,0.0,0.1,0.0,0.0,0.0,0.0,0.0,0.0,0.0,0.0,0.1,0.0,0.1,0.0,0.0,0.0,-0.1,0.0,-0.1,0.0,0.0,0.0,0.0,0.0,0.0,0.0,0.0,0.0,0.0,0.0,0.0,0.0,-0.1,-0.1,-0.1,0.1,0.0
2020-03-24,0.0,0.0,0.1,0.0,-0.1,0.0,-0.1,0.0,0.0,0.0,0.0,0.0,0.0,0.0,0.0,0.0,-0.1,0.0,0.0,0.0,0.1,0.0,0.0,0.0,0.0,0.0,0.0,0.0,0.1,0.0,-0.1,0.1,0.0,-0.1,0.0,0.0,0.1,0.0,0.0,0.0,0.0,0.0,0.0,0.0,0.0,,0.0,0.0,0.0
2020-03-25,0.0,0.0,0.0,0.0,0.0,0.0,0.1,0.0,0.0,0.0,0.1,0.0,0.0,0.0,0.0,0.0,0.0,0.0,-0.1,-0.1,0.0,0.0,0.0,0.0,0.0,0.0,-0.1,0.0,0.0,0.0,0.1,-0.1,0.0,0.0,0.0,0.0,0.0,0.0,0.0,0.0,0.1,0.1,0.0,0.0,-0.1,0.0,0.0,0.0,0.0
2020-03-26,0.0,0.0,0.0,0.0,0.0,0.1,0.0,0.0,0.0,0.0,0.0,0.1,0.0,0.0,0.0,0.0,0.0,0.0,0.0,-0.1,0.0,0.0,-0.1,0.0,0.0,-0.1,0.0,0.0,0.0,0.0,0.1,-0.1,0.0,0.0,0.0,0.0,0.0,0.1,0.0,0.0,0.0,0.1,0.0,0.0,0.0,-0.1,0.0,0.0,0.0
2020-03-27,0.0,0.0,0.0,-0.1,0.0,0.1,0.0,0.0,0.0,0.1,0.0,0.0,0.0,0.0,0.0,0.0,0.0,0.0,0.0,0.0,0.0,0.0,0.0,0.0,-0.1,0.1,0.1,0.0,-0.1,0.0,0.0,0.0,-0.1,0.0,0.0,0.0,0.0,0.0,0.0,0.0,-0.1,0.1,0.0,0.0,0.0,0.0,0.0,0.0,0.0
2020-03-30,0.0,0.0,0.0,0.0,0.0,-0.1,0.0,0.0,0.0,0.0,0.0,0.0,0.0,0.1,0.0,0.0,0.0,0.0,0.1,0.0,0.0,0.0,0.0,,-0.1,0.0,0.0,0.0,,0.0,0.0,0.0,0.1,0.0,-0.1,,0.0,0.1,0.0,0.0,0.0,-0.1,0.0,0.0,0.1,0.0,0.0,-0.1,0.0
2020-03-31,,,-0.1,0.0,0.0,0.0,0.0,0.0,0.1,0.0,0.0,0.0,0.0,0.0,0.0,0.0,0.0,,0.0,0.0,-0.1,0.0,-0.1,0.0,0.0,0.1,0.0,0.0,-0.1,0.0,0.0,0.0,0.0,0.0,0.0,,0.0,0.1,0.0,0.0,0.0,-0.1,0.1,0.0,0.0,,0.1,0.0,0.0
2020-04-01,0.0,-0.1,0.0,0.0,0.1,0.0,0.0,0.0,0.0,0.0,0.0,0.1,0.0,0.0,-0.1,-0.1,0.0,0.0,0.0,0.0,0.0,0.0,0.0,0.0,0.0,0.1,0.0,0.0,0.0,0.0,0.0,0.0,0.0,0.0,0.1,0.0,0.0,0.0,0.0,0.0,0.0,0.0,-0.1,-0.1,0.0,0.0,0.0,0.1,0.0
2020-04-07,0.0,,0.0,0.0,0.0,0.1,0.0,0.0,0.0,0.0,0.0,-0.1,0.0,0.0,0.0,0.0,0.0,0.0,0.0,0.0,0.0,0.0,0.0,0.0,0.1,-0.1,-0.1,0.0,0.0,0.0,0.0,0.0,0.0,0.0,0.1,0.0,-0.1,0.0,0.0,-0.1,0.0,0.0,0.1,0.0,0.0,0.0,0.0,0.0,0.1
2020-04-13,,,0.0,-0.1,0.0,,0.0,0.1,-0.1,0.0,0.1,0.0,0.0,0.0,0.0,0.0,0.0,,0.0,0.0,0.0,-0.1,-0.1,0.0,0.0,0.0,0.0,0.0,0.0,0.0,0.0,,0.0,,0.0,0.1,-0.1,,0.0,0.0,0.0,0.0,0.0,0.1,0.0,0.1,0.0,0.0,0.0
2020-06-08,0.0,0.0,0.0,0.0,,0.0,,0.0,0.0,-0.1,0.1,0.0,0.0,0.0,0.0,0.0,0.0,0.0,0.0,-0.1,0.1,0.0,0.0,0.0,0.1,0.0,0.0,,,0.0,,0.0,0.0,0.0,,0.0,0.0,0.0,-0.1,,0.0,0.1,-0.1,-0.1,0.0,0.0,0.0,0.0,0.1
2020-06-12,0.0,0.0,0.0,0.0,0.1,0.0,0.1,0.0,0.0,0.0,0.0,0.0,0.1,0.0,0.0,0.0,0.0,0.1,-0.1,0.0,0.0,0.0,0.0,0.0,0.1,0.0,-0.1,0.0,0.0,0.0,0.0,0.0,0.0,0.0,-0.1,0.0,0.0,0.0,0.0,-0.1,0.0,0.0,0.0,0.0,-0.1,0.0,0.0,0.0,0.0
2020-06-22,0.0,0.0,0.0,0.0,,-0.1,0.0,0.1,0.0,0.0,0.0,0.0,0.0,0.1,0.0,0.0,0.0,0.0,0.0,0.0,0.0,0.0,0.1,0.0,0.0,0.1,0.0,-0.1,-0.1,0.0,0.0,0.1,0.0,0.0,0.0,0.0,-0.1,0.0,0.0,0.0,0.0,-0.1,0.0,0.0,0.0,,0.0,0.0,0.0
2020-06-29,0.0,0.0,0.0,0.0,0.0,0.0,0.0,-0.1,0.0,0.0,0.0,0.0,-0.1,,0.1,0.1,0.0,0.0,-0.1,0.0,0.0,0.0,0.0,0.0,0.0,0.0,0.0,0.1,0.0,0.0,0.1,0.1,-0.1,0.0,0.0,0.0,-0.1,0.0,0.0,0.0,0.0,0.0,0.0,,0.0,,0.0,0.0,0.0
2020-09-01,-0.1,-0.1,0.0,0.1,-0.1,0.0,0.0,0.0,,0.0,,0.0,0.0,0.0,0.0,,0.0,0.0,0.0,0.0,0.0,,0.0,0.1,-0.1,0.1,0.0,0.0,0.0,0.0,,,0.0,0.0,0.0,0.0,-0.1,0.0,0.0,0.1,0.0,0.0,0.0,0.0,0.0,0.1,0.0,0.0,
2020-09-03,0.1,0.0,0.0,0.0,0.1,0.0,0.0,-0.1,0.1,0.0,0.0,0.0,0.0,,0.0,0.0,0.0,0.0,0.0,0.0,0.0,0.0,-0.1,0.0,,0.0,0.0,0.0,-0.1,0.0,0.0,0.0,0.0,0.0,0.0,0.0,0.0,0.0,0.0,0.0,-0.1,0.0,0.1,0.0,0.1,0.0,0.0,-0.1,
2020-09-04,0.1,0.0,0.0,0.0,0.1,0.0,0.0,0.0,-0.1,0.0,0.1,0.0,0.0,0.0,0.0,0.0,0.0,0.0,0.0,0.0,0.0,0.0,0.0,0.0,-0.1,0.0,0.0,0.0,0.0,0.0,0.0,0.0,0.0,0.1,0.0,0.0,0.1,0.0,0.0,0.0,-0.1,0.0,-0.1,0.0,-0.1,0.0,0.0,0.0,0.0
2020-09-08,0.0,0.0,0.0,0.0,0.0,0.0,0.0,-0.1,-0.1,0.0,0.0,0.0,0.0,0.0,0.1,0.1,0.0,0.0,0.0,0.0,0.0,-0.1,-0.1,0.0,-0.1,0.0,0.0,0.0,0.0,0.0,0.0,0.0,0.1,0.0,0.0,0.0,0.1,0.0,0.0,0.0,0.0,0.0,0.0,0.0,0.0,0.0,0.1,0.0,0.0
2020-09-09,0.0,0.0,0.0,0.0,0.0,0.0,0.0,0.0,0.1,0.0,0.0,0.0,0.0,-0.1,0.0,0.0,-0.1,0.0,0.0,0.1,0.0,0.0,0.0,0.0,0.0,0.0,-0.1,0.0,0.0,0.0,0.0,-0.1,0.0,0.0,0.0,0.1,0.0,0.0,0.0,0.0,0.0,0.1,0.0,-0.1,0.0,0.0,0.0,0.1,0.0
2020-09-10,0.0,,0.0,0.0,0.0,0.0,0.0,0.0,,0.0,0.0,0.0,0.0,0.1,0.0,0.0,0.0,,0.0,0.0,0.0,,0.0,-0.1,,0.0,0.0,0.0,0.0,0.0,0.1,0.0,0.0,-0.1,0.0,0.0,-0.1,0.0,,0.0,0.1,0.0,0.1,-0.1,0.0,0.1,-0.1,0.0,0.0
2020-09-18,0.0,,0.0,0.0,0.0,0.0,0.0,0.0,,0.0,0.1,0.0,0.0,,0.0,0.0,0.0,,0.0,0.0,0.0,0.0,0.0,-0.1,-0.1,0.0,0.1,0.0,0.0,0.0,,0.1,0.0,0.0,,0.0,0.0,-0.1,0.0,0.0,0.0,0.0,0.0,-0.1,0.0,-0.1,0.0,0.1,0.1
2020-09-21,0.0,-0.1,0.0,0.0,0.0,0.0,0.0,0.0,0.0,0.0,0.0,0.0,0.1,0.0,0.0,0.0,0.0,0.0,0.0,0.1,-0.1,0.0,0.0,0.0,-0.1,0.0,0.1,0.0,-0.1,0.0,0.0,0.0,0.0,0.0,0.0,0.1,0.0,0.0,-0.1,0.0,0.0,0.0,0.0,0.0,0.0,0.0,0.0,0.0,0.1
2020-09-22,-0.1,0.0,0.0,0.0,-0.1,0.0,0.0,0.0,0.0,0.1,-0.1,0.0,0.0,0.0,0.0,0.0,0.0,0.0,-0.1,0.0,0.1,0.0,0.0,0.0,0.0,0.0,0.0,0.0,0.1,0.0,,0.0,,0.0,0.0,0.0,0.0,0.0,0.0,0.0,0.0,0.0,0.0,0.1,0.0,0.1,-0.1,0.0,0.0
2020-10-01,,0.0,-0.1,0.0,0.0,-0.1,0.0,0.1,,0.0,0.0,0.0,0.0,0.1,0.1,0.1,0.0,,0.0,0.0,0.0,0.0,0.0,0.0,0.0,0.0,0.0,0.1,0.0,0.0,,0.0,,0.0,-0.1,,0.0,0.0,-0.1,0.0,0.0,-0.1,,0.0,0.0,0.0,0.0,0.0,0.0
2020-10-29,,0.0,0.0,0.0,-0.1,0.0,0.0,0.0,0.0,0.0,0.0,,0.0,0.0,0.0,0.0,0.0,0.0,,0.0,0.0,0.0,0.1,0.0,0.0,0.1,0.1,0.0,0.0,0.0,-0.1,0.1,0.0,,0.1,-0.1,0.0,-0.1,0.0,0.0,0.0,,0.0,0.0,0.0,-0.1,0.0,0.0,0.0
2020-10-30,0.0,0.0,0.1,,0.0,0.0,0.0,0.0,0.0,0.0,0.0,0.1,0.0,-0.1,0.0,0.0,,0.0,,0.0,0.1,,0.0,0.0,0.0,0.0,0.0,-0.1,0.0,0.0,0.0,0.0,-0.1,,0.0,-0.1,0.1,0.0,0.1,0.0,0.0,,-0.1,0.0,0.0,0.0,0.0,0.0,0.0
2020-11-02,0.1,-0.1,0.0,0.0,0.0,0.0,0.1,0.0,0.0,0.0,0.0,0.0,0.0,0.0,-0.1,-0.1,0.0,-0.1,0.0,0.0,0.0,0.0,0.0,0.0,0.0,0.0,0.0,0.1,0.0,0.0,0.1,0.1,0.0,,0.0,0.0,0.0,0.0,0.0,0.0,0.0,,0.0,-0.1,0.0,0.0,0.0,0.0,0.0
2020-11-05,,-0.1,0.0,0.0,0.0,0.0,0.0,0.0,0.1,0.0,0.0,0.0,0.0,,0.0,0.0,0.0,0.0,0.0,0.0,0.0,0.1,0.0,0.0,-0.1,0.0,0.0,0.0,-0.1,0.0,0.0,0.0,-0.1,0.0,0.0,0.0,0.0,0.0,-0.1,0.0,0.1,,0.0,0.1,0.0,0.0,0.1,0.0,0.0
2020-11-06,,0.1,0.0,0.0,0.0,,0.0,-0.1,0.0,0.0,0.0,0.0,0.0,0.0,0.0,0.0,,0.0,0.0,0.0,0.0,-0.1,0.0,-0.1,0.1,0.0,0.0,0.0,0.1,0.0,0.0,,0.0,,0.0,-0.1,0.0,0.0,0.0,0.0,0.0,,0.0,-0.1,0.0,0.0,,0.1,0.1
2020-11-10,0.0,0.0,0.0,0.0,0.0,0.0,0.0,0.0,-0.1,0.0,0.1,0.0,0.0,-0.1,0.0,0.0,0.1,0.0,0.0,0.0,0.0,-0.1,0.0,0.0,0.0,0.0,0.0,0.0,0.0,0.0,0.1,0.0,0.0,0.0,0.1,0.0,0.1,0.0,0.0,0.0,0.0,0.0,-0.1,0.0,-0.1,0.0,0.0,0.0,0.0
2020-11-11,0.0,0.0,0.0,0.0,0.1,-0.1,0.0,0.1,0.0,-0.1,0.0,0.1,0.0,0.0,0.0,0.0,0.0,0.0,0.1,0.0,0.0,0.0,0.0,0.0,0.0,0.0,0.0,0.0,0.0,0.0,0.0,0.0,0.0,0.1,0.0,0.0,0.0,0.0,0.0,0.0,-0.1,0.0,0.0,0.0,0.0,0.0,,-0.1,-0.1
2020-12-01,-0.1,0.0,0.0,0.0,-0.1,0.0,,-0.1,0.0,0.0,0.0,0.0,0.0,0.0,0.1,0.1,0.0,0.0,0.0,0.0,0.0,0.0,0.0,0.0,0.0,0.0,0.0,,0.0,0.0,,0.0,0.0,,0.0,0.0,-0.1,-0.1,0.0,0.0,0.0,0.0,0.1,,0.1,0.1,0.0,0.0,0.0
2020-12-02,-0.1,0.1,0.0,0.0,0.0,0.0,0.0,0.0,0.0,0.0,0.0,0.1,0.0,0.0,0.0,0.0,0.1,0.1,0.0,0.0,-0.1,0.0,0.0,0.0,0.0,0.0,0.1,-0.1,0.0,0.0,-0.1,,0.0,,0.0,0.0,0.0,0.0,0.0,0.0,0.0,0.0,0.0,0.0,0.0,0.0,-0.1,0.0,0.0
2020-12-15,,0.1,0.0,0.0,-0.1,-0.1,,-0.1,,0.1,0.0,0.0,,0.0,0.0,0.0,0.0,0.0,0.0,0.0,0.1,,0.0,0.0,0.0,0.0,-0.1,0.0,0.1,0.0,-0.1,0.0,0.0,,0.0,0.0,0.0,0.0,,0.0,0.0,0.0,0.0,0.0,0.0,0.1,0.0,0.0,0.0
2020-12-21,0.0,0.0,0.0,0.0,0.0,0.1,0.0,-0.1,0.0,0.0,0.1,0.0,-0.1,0.0,0.0,0.0,0.1,0.0,0.0,0.0,0.0,0.0,0.0,0.0,0.0,0.0,0.0,0.0,0.0,0.0,0.0,0.1,-0.1,0.0,0.0,0.0,0.0,0.0,0.1,0.0,0.0,0.0,0.0,0.0,0.0,0.0,-0.1,-0.1,0.0
2020-12-22,-0.1,0.0,0.0,0.0,0.0,0.0,,0.0,-0.1,0.0,0.0,0.0,0.0,0.0,0.0,0.0,0.0,0.0,0.0,0.0,0.0,-0.1,0.1,0.0,0.0,0.0,0.0,0.0,0.0,-0.1,,-0.1,0.1,0.0,0.1,0.0,,,0.0,0.0,0.1,0.0,0.0,,0.0,0.0,0.0,0.0,0.1
2021-01-05,0.0,0.0,0.0,0.0,0.0,0.0,0.0,0.0,0.0,0.0,-0.1,0.0,0.0,0.0,0.0,0.0,0.0,0.0,0.0,0.0,0.0,0.0,0.1,0.0,0.0,0.0,0.1,,0.0,0.0,0.1,0.0,0.1,-0.1,0.0,0.0,-0.1,0.0,0.0,0.0,0.0,-0.1,-0.1,0.0,0.0,0.0,0.0,0.1,0.0
2021-01-07,0.0,0.0,0.0,0.0,0.0,0.0,0.0,0.0,-0.1,0.0,0.0,0.0,0.0,0.0,0.0,0.0,0.0,0.0,0.0,0.0,0.0,-0.1,0.1,0.0,0.0,0.0,0.0,0.1,0.0,0.1,0.0,0.0,0.1,0.1,0.0,0.0,0.0,0.0,-0.1,0.0,0.0,0.0,0.0,-0.1,0.0,-0.1,0.0,0.0,0.0
2021-01-08,0.0,0.0,0.0,0.0,-0.1,0.0,,-0.1,0.0,0.0,0.0,0.0,0.0,0.0,-0.1,0.0,0.1,0.1,0.0,,0.0,0.0,0.1,0.1,0.0,0.0,0.0,0.0,0.0,0.0,0.0,0.0,0.0,-0.1,0.1,0.0,-0.1,0.0,0.0,0.0,0.0,0.0,0.0,0.0,0.0,0.0,,0.0,0.0
2021-01-11,0.0,,0.0,0.0,0.0,-0.1,0.0,0.0,0.1,0.0,0.0,0.0,0.0,0.0,0.0,0.0,0.0,0.0,0.0,0.0,0.0,0.0,-0.1,0.0,0.0,0.0,-0.1,0.1,0.1,,,,-0.1,0.0,0.0,0.0,-0.1,0.0,0.1,,0.1,0.0,0.0,0.0,0.0,0.0,,0.0,
2021-01-15,,0.0,0.1,0.0,0.0,0.0,,0.0,0.0,0.0,0.0,,0.0,0.0,,0.0,0.1,-0.1,0.0,0.0,-0.1,0.0,0.0,0.0,0.0,0.1,0.1,0.0,0.0,0.0,0.0,,0.0,0.0,0.0,-0.1,,0.0,0.0,0.1,0.0,0.0,-0.1,0.0,-0.1,,0.0,0.0,0.0
2021-01-19,0.0,0.0,0.0,0.0,0.1,-0.1,0.0,0.0,0.0,0.0,0.0,0.0,-0.1,0.0,0.0,0.0,-0.1,0.0,-0.1,0.0,0.0,0.0,0.0,0.0,0.0,0.0,0.0,-0.1,0.0,0.0,0.0,0.0,,,0.0,0.0,0.0,0.0,0.0,0.0,0.0,0.1,0.1,0.0,0.1,0.1,,0.0,
2021-01-20,,0.0,0.0,0.0,0.0,0.0,,0.0,0.0,0.0,0.1,0.0,0.1,0.0,-0.1,-0.1,,0.0,-0.1,0.0,0.0,0.0,0.0,0.0,0.0,0.0,0.0,0.0,0.0,0.0,0.0,0.0,,,0.1,-0.1,0.0,-0.1,0.0,0.0,0.0,0.1,0.0,0.0,0.0,,0.1,0.0,0.0
2021-01-28,0.0,0.1,0.0,0.0,0.0,0.0,0.0,0.0,0.0,0.0,0.0,-0.1,-0.1,0.0,0.0,0.0,0.0,0.0,0.0,0.0,0.0,0.0,0.0,0.0,0.0,0.0,0.1,0.0,0.1,-0.1,0.0,0.0,0.0,0.0,0.1,0.0,0.1,0.0,0.0,0.0,0.0,0.0,0.0,0.0,0.0,-0.1,-0.1,0.0,0.0
2021-01-29,0.1,0.0,-0.1,0.0,0.0,0.1,,0.0,0.0,0.0,0.0,0.0,0.1,-0.1,0.0,0.0,,0.0,0.0,0.0,0.0,0.0,0.0,0.0,0.0,0.0,0.0,0.1,0.0,0.0,0.0,-0.1,-0.1,,0.0,0.0,0.0,-0.1,0.0,0.0,0.0,0.0,0.0,0.0,,0.0,0.1,0.0,
2021-02-01,0.0,0.0,-0.1,0.0,0.0,0.1,0.0,-0.1,0.0,0.0,0.0,,0.0,0.0,0.0,0.0,0.1,0.0,0.0,0.0,0.1,0.0,0.0,0.0,0.0,0.0,-0.1,0.0,0.0,0.0,0.0,0.0,0.0,0.0,0.0,-0.1,-0.1,0.0,0.0,0.0,0.0,0.1,0.0,0.0,0.0,0.0,0.1,0.0,0.0
2021-02-22,,0.0,0.0,0.0,,0.0,0.1,-0.1,-0.1,0.0,,,0.0,0.0,0.0,0.0,0.0,0.0,0.0,0.0,0.0,-0.1,0.0,0.0,0.0,0.0,0.0,0.1,0.0,0.0,,0.0,0.0,0.0,0.1,0.0,0.0,0.0,,0.1,0.0,0.0,0.0,-0.1,0.0,-0.1,0.0,0.1,
2021-02-24,0.0,0.0,0.1,0.0,0.0,0.0,0.0,0.0,0.0,0.0,0.1,0.1,0.0,-0.1,0.0,0.0,0.1,,0.0,0.0,0.0,0.0,0.0,-0.1,0.0,-0.1,0.0,-0.1,0.0,0.0,-0.1,0.0,0.0,0.0,0.0,0.0,0.0,0.0,0.0,0.0,0.0,0.1,0.0,0.0,0.0,0.0,0.0,0.0,
2021-02-25,0.1,0.0,0.0,0.0,0.0,0.1,,0.0,0.0,0.0,0.0,,0.0,0.0,0.0,,0.1,-0.1,0.0,,0.0,0.0,0.0,0.1,0.0,-0.1,0.0,,0.0,0.0,0.0,0.0,0.0,0.0,0.0,0.0,0.0,0.0,0.0,-0.1,0.0,0.1,0.0,0.0,-0.1,-0.1,0.0,0.0,0.0
2021-02-26,0.0,,,0.0,0.1,0.0,0.0,0.0,0.0,0.0,0.1,0.1,0.0,0.0,0.0,0.0,0.0,0.0,0.1,,-0.1,0.0,,0.0,,0.0,0.0,0.0,-0.1,0.0,-0.1,-0.1,0.0,0.1,0.0,0.0,0.0,0.0,0.0,0.0,0.0,0.0,0.0,0.0,-0.1,0.0,0.0,0.0,
2021-03-01,0.0,0.0,0.0,0.0,-0.1,0.0,0.0,-0.1,0.0,0.0,0.0,0.1,0.0,0.0,0.0,0.0,0.0,0.1,0.0,0.0,0.1,0.0,0.0,0.0,0.0,0.0,0.0,0.0,0.1,-0.1,0.0,0.0,0.0,-0.1,0.1,0.0,0.0,0.0,-0.1,0.0,0.0,0.0,0.0,0.0,0.0,0.0,0.0,0.0,0.0
2021-03-04,0.0,0.0,0.1,0.0,0.0,0.0,0.1,0.0,-0.1,-0.1,0.0,0.0,,0.0,0.0,0.0,0.0,-0.1,0.0,,0.0,-0.1,0.0,0.0,0.0,0.0,0.0,,0.0,0.1,0.1,0.0,0.1,0.0,0.0,0.0,0.0,0.0,0.0,,0.0,0.0,0.0,0.0,0.0,-0.1,0.0,0.0,
2021-03-05,0.0,0.0,0.1,0.0,0.0,0.0,0.0,0.0,0.0,0.0,0.0,0.0,0.0,0.0,-0.1,-0.1,0.1,0.0,0.0,0.0,0.1,0.0,0.0,0.0,0.0,0.0,0.0,-0.1,0.1,0.0,0.0,0.0,0.1,0.0,0.0,0.0,0.0,0.0,0.0,0.0,0.0,0.0,-0.1,0.0,0.0,0.0,0.0,-0.1,
2021-03-08,0.0,0.0,0.0,0.1,0.0,0.0,0.0,0.0,0.0,0.0,0.1,0.0,0.0,0.0,0.0,0.0,0.0,0.0,0.0,0.0,0.0,0.1,0.0,0.0,-0.1,0.0,0.0,0.0,0.0,0.0,0.1,0.0,0.1,0.0,-0.1,0.0,0.0,0.0,-0.1,0.0,0.0,0.0,0.0,0.0,-0.1,0.0,-0.1,0.0,0.0
2021-03-09,0.0,,,0.0,0.0,0.0,0.0,0.1,0.0,0.0,0.0,0.0,-0.1,-0.1,0.1,0.1,0.0,0.0,0.0,0.0,,0.0,-0.1,0.0,0.0,0.0,0.0,0.0,0.0,0.0,0.1,0.0,0.0,0.0,0.0,0.1,,0.0,0.0,-0.1,0.0,0.0,0.0,0.0,0.0,-0.1,0.0,0.0,
2021-03-10,0.0,0.0,0.0,0.0,-0.1,0.0,-0.1,0.0,0.1,0.0,-0.1,0.0,0.0,0.1,0.0,0.0,0.0,0.0,0.0,0.0,0.0,0.0,0.1,0.0,0.0,0.0,0.0,-0.1,0.0,0.0,,0.0,0.0,-0.1,0.1,0.0,0.0,0.0,0.0,0.0,0.0,0.0,0.0,0.1,0.0,0.0,0.0,0.0,0.0
2021-03-11,0.1,,0.0,0.0,0.0,,,0.1,-0.1,0.0,0.0,0.0,0.0,0.0,0.0,0.0,0.0,-0.1,0.0,0.0,,-0.1,0.0,0.0,0.0,0.0,-0.1,,0.0,0.0,0.0,,0.1,0.0,0.0,0.0,0.1,,0.0,0.0,0.0,-0.1,0.0,0.0,0.0,0.1,0.0,0.0,0.0
2021-03-19,0.0,0.0,0.0,-0.1,0.1,0.0,0.1,0.0,-0.1,0.0,0.0,,0.0,0.0,0.0,0.0,0.0,0.0,0.0,0.1,,-0.1,0.0,0.0,0.0,0.0,0.0,0.0,0.0,0.0,0.0,0.0,0.0,0.0,,,0.0,0.0,-0.1,0.0,0.0,0.0,0.1,0.0,0.1,0.0,0.0,0.0,-0.1
2021-03-22,0.0,0.0,-0.1,0.0,0.0,0.0,0.0,0.0,0.0,0.0,-0.1,0.0,0.0,0.0,0.0,0.0,-0.1,0.0,0.0,0.0,0.0,0.1,0.0,0.0,0.0,0.1,0.0,-0.1,0.0,0.0,0.0,0.1,0.0,0.0,0.0,0.0,0.0,0.0,0.0,0.1,0.0,0.0,0.0,0.1,0.0,0.0,0.0,-0.1,0.0
2021-04-01,0.0,0.0,0.0,0.0,-0.1,0.0,,0.0,0.0,0.1,0.0,0.0,0.0,,0.0,0.0,0.0,0.1,-0.1,0.0,0.0,0.1,0.1,0.0,,0.0,0.0,-0.1,0.0,-0.1,0.0,0.0,0.0,-0.1,0.0,,,0.0,0.0,0.0,0.0,,,0.0,0.0,0.0,0.0,0.0,0.1
2021-05-05,0.1,0.0,0.0,0.0,0.0,0.0,0.0,0.0,0.0,0.0,0.0,0.1,0.0,,0.0,0.0,0.0,0.0,0.1,0.0,-0.1,-0.1,0.0,0.1,0.0,0.0,,0.0,,0.0,0.0,0.0,0.0,0.0,0.0,0.0,0.0,0.0,0.0,,-0.1,,0.0,-0.1,0.0,0.1,-0.1,0.0,0.0
2021-05-13,0.0,-0.1,0.0,0.1,,0.0,0.0,0.0,0.0,0.0,0.0,,0.0,0.1,0.0,0.0,0.1,0.0,-0.1,0.0,0.0,0.0,0.0,0.0,,0.0,0.1,-0.1,0.0,0.0,0.0,,0.0,0.0,0.0,0.0,,0.0,0.0,0.0,,0.1,-0.1,0.0,-0.1,0.0,0.0,0.0,
2021-06-17,-0.1,0.0,0.0,0.0,,0.0,-0.1,0.0,-0.1,0.0,0.0,0.0,,0.0,0.0,0.0,0.0,0.0,0.0,0.0,0.0,-0.1,0.1,0.0,0.0,0.0,0.0,0.0,-0.1,0.0,0.0,0.0,0.0,0.0,0.1,0.0,0.0,,0.0,0.0,0.1,0.1,0.0,0.0,0.0,0.0,0.1,0.0,0.0
2021-06-21,0.0,0.0,0.0,0.0,0.0,0.0,0.0,0.0,0.0,0.0,0.0,0.0,0.0,0.0,0.0,0.0,-0.1,0.0,0.0,-0.1,0.1,0.0,0.1,0.0,0.0,-0.1,0.0,0.0,0.0,-0.1,0.0,-0.1,0.0,0.0,0.0,0.0,0.0,0.0,0.0,0.0,0.1,0.0,0.0,0.0,0.1,0.0,0.0,0.1,0.0
2021-06-28,,0.1,0.0,0.0,,0.0,0.1,0.1,0.0,0.0,0.0,0.0,0.0,0.0,0.1,0.0,0.0,,0.0,0.0,0.0,0.0,0.0,0.0,0.0,0.0,0.0,0.0,0.0,0.1,-0.1,-0.1,0.0,0.0,-0.1,0.0,0.0,0.0,-0.1,0.0,0.0,-0.1,,0.0,,,0.0,0.0,0.0
2021-07-20,0.0,0.0,-0.1,0.0,0.0,0.0,0.0,-0.1,0.0,0.0,-0.1,0.0,0.0,0.1,0.0,0.0,0.0,0.0,0.0,0.0,0.0,0.0,0.0,0.0,0.0,0.1,0.0,,0.1,0.0,0.0,0.0,0.0,-0.1,0.0,0.0,0.0,-0.1,0.1,0.0,0.0,0.0,0.0,0.0,0.0,0.1,0.0,0.0,0.0
2021-09-01,0.0,0.0,0.0,0.0,0.0,0.0,-0.1,0.0,0.0,0.0,0.0,0.0,0.0,-0.1,0.0,0.0,0.0,-0.1,0.0,0.0,0.0,0.0,0.0,0.0,0.1,0.1,-0.1,0.0,0.0,0.0,0.0,0.1,0.0,0.0,0.0,0.0,0.0,0.0,0.0,0.1,-0.1,0.0,0.0,,0.1,0.0,0.0,0.0,0.0
2021-09-14,0.0,0.0,0.1,0.0,,0.0,,0.0,0.0,0.0,0.1,0.0,0.0,0.0,0.0,0.0,0.0,0.0,0.1,0.0,0.0,-0.1,0.0,0.0,0.0,0.0,0.0,0.0,0.0,0.0,0.0,0.1,0.0,0.0,-0.1,,0.1,-0.1,-0.1,0.0,0.0,0.0,-0.1,,0.0,0.0,0.0,,0.0
2021-09-16,0.0,0.0,0.0,0.0,,0.0,0.0,-0.1,0.0,0.0,0.0,0.0,0.0,,0.0,0.0,0.0,0.0,0.0,0.0,0.0,0.0,0.0,0.0,0.0,0.1,0.1,0.1,0.0,-0.1,0.0,0.1,0.0,,0.0,0.1,0.0,0.0,0.0,,0.0,,-0.1,0.0,0.0,0.0,-0.1,0.0,-0.1
2021-09-20,0.0,0.0,0.0,0.1,0.0,-0.1,0.0,0.0,-0.1,0.0,0.0,0.0,0.0,-0.1,0.0,0.0,0.0,0.0,0.1,0.0,0.0,0.0,0.1,0.0,0.0,0.0,0.0,0.1,0.0,0.0,0.0,0.0,0.0,0.0,0.0,0.1,-0.1,0.0,-0.1,0.0,0.0,0.0,0.0,0.0,0.0,0.0,0.0,0.0,0.0
2021-09-21,0.0,0.0,0.1,0.0,0.0,0.0,0.1,0.0,0.0,-0.1,0.1,0.0,0.0,0.0,0.0,0.0,0.0,0.0,0.0,0.0,0.0,0.0,0.0,0.0,0.0,0.0,0.0,0.0,-0.1,0.0,0.1,0.0,0.0,0.0,0.1,0.0,0.0,0.0,0.0,0.0,-0.1,0.0,0.0,0.0,0.0,-0.1,-0.1,0.0,0.0
2021-09-28,0.0,,0.1,0.0,0.0,,0.0,,-0.1,,0.0,0.0,0.0,0.0,0.0,0.0,-0.1,0.0,0.0,0.1,0.0,-0.1,0.0,,0.0,0.0,0.0,0.0,0.0,0.1,0.0,0.0,0.1,0.0,0.1,,0.0,0.0,0.0,0.0,,0.0,-0.1,0.0,-0.1,0.0,0.0,0.0,0.0
2021-09-29,0.0,0.0,0.0,0.0,0.1,0.0,0.0,0.0,0.0,0.0,0.0,0.0,0.0,0.0,0.0,0.0,0.0,0.0,0.1,0.0,0.0,-0.1,0.0,0.0,0.0,0.0,0.0,0.0,0.0,0.0,0.0,0.0,0.1,0.0,0.0,0.0,0.1,0.0,0.0,0.0,0.0,0.0,-0.1,-0.1,-0.1,-0.1,0.0,0.0,0.1
2021-10-01,0.0,0.0,0.0,0.0,-0.1,0.0,0.0,0.0,0.0,0.0,0.0,0.0,0.0,0.0,0.0,0.0,0.1,0.0,0.0,0.0,0.0,0.0,0.0,0.0,0.0,0.0,0.0,0.0,0.0,0.0,-0.1,0.0,-0.1,-0.1,0.1,-0.1,0.0,0.0,0.1,0.0,0.0,0.0,0.0,0.0,0.0,0.0,0.1,0.0,0.1
2021-10-04,0.0,0.0,0.1,0.0,0.0,0.0,0.1,0.0,0.0,0.0,0.0,0.0,0.0,-0.1,0.0,0.0,0.0,-0.1,0.0,0.0,0.1,0.0,0.0,0.0,,-0.1,0.0,0.0,-0.1,0.0,0.0,0.0,0.0,0.0,,0.1,0.0,,0.0,-0.1,0.0,0.1,0.0,0.0,0.0,0.0,0.0,0.0,0.0
2021-10-05,0.0,0.0,0.0,0.0,,0.0,0.0,0.0,0.0,0.0,0.0,0.0,0.0,0.0,0.0,0.0,0.0,-0.1,0.1,0.1,0.0,0.0,0.0,0.0,0.0,0.1,-0.1,0.1,0.0,0.0,0.0,0.0,0.0,0.1,,0.0,0.0,0.0,0.0,0.0,-0.1,0.0,-0.1,,-0.1,,0.0,0.0,0.0
2021-11-01,0.1,-0.1,0.0,0.0,0.1,0.0,0.1,0.0,,0.1,0.0,0.0,,0.0,0.0,0.0,0.0,0.0,0.0,0.0,0.0,,0.0,0.0,0.0,0.0,0.0,0.0,0.0,-0.1,-0.1,-0.1,0.0,0.0,0.0,,-0.1,0.0,0.0,0.0,0.0,0.0,0.0,0.0,0.0,,0.0,0.0,0.1
2021-11-22,-0.1,0.0,0.0,0.0,0.0,-0.1,0.0,0.0,0.1,0.0,0.0,0.0,0.0,0.0,0.0,0.0,0.0,0.0,-0.1,0.1,0.0,0.0,0.0,0.0,0.0,0.0,0.0,0.0,0.0,0.0,,-0.1,0.0,-0.1,0.0,0.0,0.0,0.0,0.1,0.0,0.0,0.0,0.1,0.0,0.1,,0.0,0.0,0.0
2021-11-24,0.0,-0.1,0.0,0.1,0.0,,0.0,0.0,-0.1,0.0,0.0,0.1,0.0,0.1,,0.0,0.0,0.0,0.0,0.0,0.0,-0.1,0.0,,,0.0,0.0,0.0,0.0,0.0,,0.0,0.1,0.0,0.0,0.0,0.0,0.0,-0.1,0.0,0.0,0.0,0.0,0.0,-0.1,,0.1,0.0,0.0
2021-11-30,0.0,,0.0,-0.1,0.0,0.0,0.0,0.0,0.0,0.0,0.0,-0.1,0.0,0.0,0.0,0.0,0.0,-0.1,0.0,0.0,0.0,0.0,0.0,0.0,0.1,0.0,,0.0,0.1,0.0,,0.0,0.0,0.0,0.0,0.0,0.0,-0.1,0.0,0.0,0.0,0.1,0.0,0.1,0.0,0.0,0.0,-0.1,0.1
2021-12-01,-0.1,0.0,0.0,0.0,0.0,0.0,0.0,0.0,0.0,0.0,0.0,0.0,0.0,0.0,0.0,0.0,0.0,0.0,0.0,0.0,0.1,0.0,0.1,-0.1,0.0,0.0,0.0,0.0,0.0,0.0,0.0,-0.1,0.0,0.0,0.1,0.0,0.0,-0.1,0.0,0.0,0.1,0.0,0.0,-0.1,0.0,0.0,0.0,0.1,0.0
2021-12-02,0.0,0.0,0.0,-0.1,0.0,-0.1,0.0,0.0,0.0,0.0,0.0,0.1,0.0,0.0,0.0,0.0,0.0,0.0,0.0,0.0,-0.1,0.0,0.0,0.0,0.0,0.0,0.0,0.1,0.0,0.0,0.1,0.0,0.1,0.0,-0.1,0.0,0.0,0.0,0.0,0.0,0.0,0.1,0.0,0.0,0.0,0.0,0.0,0.0,-0.1
2021-12-03,0.1,,0.0,0.0,0.0,0.0,0.0,0.1,0.0,0.0,0.1,0.0,0.0,0.0,0.0,0.0,0.0,0.0,0.0,,0.0,0.0,0.0,-0.1,0.0,0.0,-0.1,0.0,0.0,0.1,0.0,,0.0,0.0,0.0,0.0,0.0,0.0,0.0,-0.1,-0.1,0.1,0.0,0.0,-0.1,,,0.0,0.0
2021-12-06,0.0,-0.1,0.0,0.0,0.0,0.0,0.0,0.0,0.1,0.0,0.0,0.0,0.0,0.0,0.0,0.0,0.0,-0.1,0.0,0.0,0.0,0.1,0.0,0.0,0.0,0.0,0.0,0.0,0.0,0.1,0.1,,0.0,0.0,-0.1,0.0,0.0,0.0,0.0,0.0,0.0,0.0,0.0,0.0,0.0,0.0,0.1,-0.1,-0.1
2021-12-07,0.0,-0.1,0.0,0.0,0.1,-0.1,0.0,0.0,0.0,0.0,0.0,0.0,0.0,0.0,0.0,0.0,0.0,,0.0,0.0,-0.1,0.0,-0.1,0.0,0.0,0.0,-0.1,0.0,0.0,0.0,,0.1,0.0,0.1,0.0,0.0,0.1,0.0,0.0,0.0,0.1,0.0,0.0,,0.0,,0.0,0.0,0.0
2021-12-08,-0.1,0.0,0.0,0.0,0.0,0.0,0.0,-0.1,0.0,0.0,0.0,0.0,0.0,0.1,0.0,0.0,0.0,0.0,0.0,-0.1,0.0,,0.0,0.0,0.1,0.0,0.0,,0.1,0.0,0.0,0.0,-0.1,-0.1,0.0,0.0,0.0,0.0,0.0,0.0,0.1,0.0,0.0,,0.0,,,0.0,0.1
2021-12-14,0.1,0.0,0.0,0.0,0.0,0.0,0.0,0.0,,0.0,0.0,,0.0,0.0,0.0,0.0,0.1,0.1,0.0,0.0,-0.1,0.0,-0.1,,-0.1,0.0,0.0,0.0,0.0,0.0,,0.0,0.0,0.1,-0.1,0.0,0.0,0.0,0.0,0.0,0.0,0.0,,,,0.1,0.0,0.0,-0.1
2021-12-15,0.0,0.0,0.1,0.0,0.0,-0.1,0.0,0.0,-0.1,-0.1,0.0,0.0,0.0,0.0,0.0,0.0,0.0,-0.1,0.0,0.1,-0.1,0.0,0.0,0.0,0.0,0.0,0.0,0.0,0.0,0.1,,,0.1,0.0,0.0,0.0,0.1,0.0,0.0,0.0,0.0,0.0,0.0,,0.0,0.0,0.0,0.0,0.0
2021-12-16,0.0,-0.1,0.0,0.0,-0.1,-0.1,0.0,0.0,0.0,0.1,0.0,0.0,0.0,0.0,0.0,0.0,0.0,0.1,0.0,0.0,0.0,0.1,0.0,0.0,-0.1,0.0,0.0,0.0,0.0,0.0,,0.1,0.0,0.0,0.0,0.0,-0.1,0.0,0.0,0.0,0.0,0.0,0.0,,0.1,0.0,0.0,0.0,0.0
2021-12-17,0.1,0.0,0.0,-0.1,0.0,0.0,0.0,0.0,-0.1,-0.1,0.0,0.0,0.0,0.0,0.0,0.0,0.0,-0.1,0.0,0.0,0.0,0.0,0.0,0.0,0.0,0.0,0.0,0.0,0.0,0.1,0.0,0.0,0.1,0.0,0.0,0.1,0.0,0.0,0.0,0.0,-0.1,0.1,0.0,0.0,0.0,0.0,0.0,0.0,0.0
2021-12-20,0.0,0.0,-0.1,0.0,0.0,0.0,-0.1,-0.1,0.0,0.0,0.0,0.0,0.0,0.0,0.0,0.0,0.0,-0.1,0.0,-0.1,0.1,0.0,0.0,0.0,0.1,0.0,0.0,0.0,0.0,0.0,0.0,0.0,0.0,0.0,0.1,0.0,0.0,0.0,0.0,0.0,0.0,0.1,0.0,0.0,0.0,0.0,0.1,0.0,0.0
2021-12-21,0.0,-0.1,0.1,0.0,,0.0,0.0,-0.1,0.0,0.0,0.0,0.0,0.0,0.0,0.0,,-0.1,0.0,0.0,0.0,0.0,0.0,0.0,0.0,0.0,0.1,0.0,,,0.0,-0.1,0.1,,0.0,0.0,0.0,,0.0,0.0,0.0,0.0,0.0,0.0,0.1,0.0,,0.1,-0.1,0.0
2022-01-04,0.0,0.0,0.0,0.0,0.0,0.0,0.0,0.0,-0.1,0.0,0.0,,0.0,0.0,0.0,0.0,0.1,-0.1,0.1,0.0,0.0,-0.1,0.0,0.1,0.0,-0.1,0.0,,,0.0,0.0,0.0,0.1,0.0,0.0,0.0,0.1,0.0,0.0,,0.0,0.0,-0.1,,0.0,,0.0,0.0,0.0
2022-01-05,0.0,0.0,0.1,0.0,0.0,0.0,0.0,0.0,-0.1,-0.1,0.0,0.1,0.1,0.0,0.0,0.0,0.0,0.0,0.0,0.0,0.0,-0.1,0.0,0.0,0.0,0.0,0.0,,0.0,0.0,0.0,0.0,0.0,0.0,0.0,0.0,0.1,0.0,0.1,0.0,0.0,0.0,-0.1,-0.1,0.0,0.0,0.0,0.0,0.0
2022-01-06,0.0,0.0,0.0,0.0,0.0,0.0,0.0,0.0,0.0,0.0,0.0,0.1,0.0,0.0,0.1,0.1,0.0,0.0,0.0,0.0,0.0,0.0,-0.1,0.0,0.0,0.0,0.0,0.0,-0.1,0.1,0.1,,0.0,0.0,0.0,0.0,0.0,0.0,0.0,0.0,0.0,0.0,-0.1,-0.1,-0.1,0.0,0.0,0.0,0.0
2022-01-07,0.0,0.0,0.0,0.1,0.0,,,0.0,-0.1,0.0,0.0,0.0,0.0,0.0,0.0,0.0,0.0,0.1,0.0,0.0,0.0,0.0,0.0,0.1,0.0,0.0,-0.1,-0.1,0.0,0.0,0.1,,0.0,0.0,0.0,0.0,0.0,0.0,0.1,,0.0,0.0,-0.1,0.0,0.0,,0.0,0.0,-0.1
2022-01-11,0.0,0.0,0.0,0.0,0.0,-0.1,0.0,0.0,0.0,0.0,0.1,0.0,0.0,,0.0,0.0,0.0,0.0,0.0,0.0,0.0,0.0,0.0,0.0,0.0,0.0,0.1,0.0,-0.1,0.0,0.0,0.1,0.0,0.0,0.1,0.0,-0.1,-0.1,0.0,0.1,0.0,0.0,0.0,0.0,0.0,0.0,0.0,0.0,-0.1
2022-01-12,0.0,0.0,0.0,0.0,0.0,0.0,-0.1,0.0,0.0,0.0,0.0,0.0,0.0,,0.0,0.0,0.0,0.1,0.0,0.0,0.1,0.0,0.0,0.0,,,0.1,,0.0,0.0,,0.0,0.0,,0.1,-0.1,0.0,0.0,0.0,,0.0,0.0,-0.1,0.0,-0.1,0.0,0.1,0.0,-0.1
2022-01-19,0.0,-0.1,0.0,0.0,,0.0,0.0,0.0,0.0,0.0,0.0,0.0,0.0,-0.1,0.0,0.0,0.0,0.0,0.0,0.0,0.0,0.1,0.0,0.0,-0.1,0.0,0.0,0.0,0.0,0.0,0.0,0.0,0.0,,0.1,0.1,0.0,0.0,0.0,,0.0,0.1,-0.1,0.0,-0.1,0.0,,0.0,0.1
2022-01-24,0.0,0.0,0.0,0.0,0.0,0.0,0.1,0.0,0.0,0.0,0.0,0.0,0.0,0.1,0.0,0.0,0.0,0.0,0.0,0.1,0.0,0.0,0.0,0.0,0.0,0.0,-0.1,0.0,0.0,0.0,0.1,-0.1,0.0,0.0,0.0,0.0,0.0,-0.1,0.0,0.1,0.0,0.0,0.0,0.0,0.0,0.0,0.0,-0.1,-0.1
2022-01-25,0.0,0.0,0.1,0.0,0.0,0.0,0.0,0.0,0.0,0.0,-0.1,0.0,0.0,0.0,0.0,0.0,-0.1,0.0,0.0,0.0,0.1,0.0,0.0,0.0,0.0,0.1,0.0,0.0,0.0,0.0,0.0,-0.1,-0.1,0.0,0.0,-0.1,0.0,0.0,0.0,0.1,0.0,0.0,0.0,0.0,0.0,0.0,0.0,0.0,0.1
2022-01-26,0.0,0.0,0.0,0.0,0.0,0.0,0.0,0.0,0.0,0.0,0.0,0.0,0.0,0.0,0.0,0.0,0.0,-0.1,0.0,0.0,-0.1,0.0,0.0,0.0,,0.1,0.0,0.0,0.0,0.0,0.0,0.0,0.1,0.0,0.0,0.0,0.0,0.0,0.0,0.0,0.0,0.1,-0.1,0.0,-0.1,0.1,0.0,0.1,-0.1
2022-01-27,0.0,0.0,0.1,0.0,0.0,0.1,0.0,-0.1,0.0,0.0,0.0,0.0,0.0,0.0,-0.1,0.0,0.0,0.0,0.0,0.0,0.0,0.0,0.0,0.0,0.0,0.0,0.0,0.0,0.0,-0.1,0.0,0.0,0.0,0.0,0.0,0.0,0.0,-0.1,0.0,-0.1,0.1,0.0,0.0,0.0,0.0,0.0,0.1,0.1,0.0
2022-01-28,0.0,0.0,0.0,0.0,0.1,0.0,0.0,0.1,0.0,0.0,,0.0,0.1,,0.0,0.0,0.0,0.0,-0.1,0.0,0.0,0.0,0.0,0.0,,-0.1,0.1,0.0,0.0,0.0,-0.1,0.0,-0.1,,0.0,0.1,0.0,0.0,0.0,0.0,0.0,0.0,0.0,0.0,-0.1,0.0,0.0,0.0,0.0
2022-01-31,-0.1,0.0,-0.1,0.0,0.1,0.0,0.0,0.0,0.0,0.0,,0.0,0.0,,0.0,0.0,0.0,0.0,0.0,0.0,0.0,0.0,0.0,0.0,0.0,-0.1,0.0,0.0,0.0,0.0,0.0,0.1,0.0,,0.0,0.0,0.0,0.0,0.0,-0.1,-0.1,0.0,0.1,0.1,0.1,0.0,,0.0,0.0
2022-02-01,0.0,0.1,0.0,0.0,-0.1,0.1,0.0,-0.1,0.0,0.0,0.0,0.0,0.1,,0.0,0.0,0.0,0.0,0.0,0.0,0.0,0.0,0.1,0.0,0.0,0.0,0.0,0.0,-0.1,0.0,-0.1,0.0,0.0,0.0,0.0,-0.1,0.0,0.0,0.0,0.1,0.0,,0.0,0.0,0.0,0.0,0.0,0.0,0.0
2022-02-25,0.0,0.0,0.0,0.0,0.0,0.0,0.0,0.0,0.0,0.0,0.0,-0.1,0.0,0.0,0.0,0.0,0.0,0.0,-0.1,-0.1,0.1,0.1,0.0,0.0,0.0,0.0,0.0,0.0,0.1,-0.1,0.0,0.0,-0.1,0.0,0.1,0.0,0.0,0.0,0.0,0.0,0.0,0.0,0.0,0.0,0.0,0.0,0.0,0.0,0.1
2022-03-01,0.0,0.1,0.0,0.0,-0.1,0.0,,0.0,0.0,-0.1,-0.1,0.0,0.0,0.0,0.0,0.0,0.0,0.0,0.0,,0.0,0.1,0.0,0.0,0.0,0.0,0.1,0.0,0.0,0.0,0.0,0.0,0.0,,0.0,0.0,0.0,0.0,0.0,,0.0,0.0,-0.1,0.0,-0.1,0.0,0.0,0.1,0.1
2022-03-08,0.0,0.0,0.0,0.0,,0.0,0.0,0.0,0.1,0.0,-0.1,0.0,0.0,0.0,0.0,0.0,0.0,0.0,0.0,0.0,-0.1,0.0,0.1,0.0,-0.1,0.0,0.1,0.0,0.0,0.0,0.0,0.1,0.0,,0.0,0.0,0.0,0.0,0.0,0.0,0.0,0.0,-0.1,0.0,-0.1,0.0,0.0,0.0,0.1
2022-03-09,0.0,0.0,0.0,0.0,0.0,0.0,0.0,0.0,0.0,0.0,0.0,0.0,0.0,0.0,0.0,0.0,0.0,,0.0,0.1,0.0,0.0,0.1,0.0,0.0,0.0,0.0,-0.1,,0.0,0.0,0.0,0.0,0.0,0.1,0.0,0.0,-0.1,0.0,0.0,0.1,0.0,0.0,-0.1,-0.1,-0.1,0.0,0.1,0.0
2022-03-21,0.0,0.0,0.0,0.0,0.0,0.0,0.0,0.0,0.0,0.1,0.0,-0.1,0.1,0.0,0.0,0.0,0.0,0.0,0.0,0.0,0.1,0.0,0.0,0.0,0.0,0.0,0.0,0.0,0.0,0.0,0.0,-0.1,0.0,-0.1,0.0,0.0,-0.1,0.0,0.1,-0.1,0.1,0.0,0.0,0.0,0.0,0.0,0.0,0.0,0.0
2022-05-02,0.0,0.1,0.0,0.0,,0.0,0.1,0.0,,0.0,0.0,0.0,,0.0,0.0,0.0,0.0,0.0,0.0,-0.1,0.0,0.0,0.0,-0.1,0.0,0.0,0.0,-0.1,-0.1,0.0,0.0,,,,0.0,0.0,-0.1,0.0,0.0,0.0,0.1,0.0,0.0,0.0,0.1,0.0,0.0,0.1,
2022-05-10,0.0,0.0,0.1,0.0,0.0,-0.1,0.0,0.0,,0.0,0.0,0.0,0.0,0.0,0.0,0.0,-0.1,0.0,0.0,0.0,0.0,,0.0,0.0,0.0,0.1,0.0,0.0,0.0,0.0,0.0,0.0,0.0,,0.0,0.0,0.1,0.0,0.0,0.0,0.0,-0.1,0.1,,0.1,,,-0.1,-0.1
2022-05-11,0.0,,0.0,0.0,0.0,0.0,0.0,-0.1,0.0,0.0,0.0,0.0,0.0,0.0,0.0,0.0,0.1,0.1,0.0,0.0,0.0,0.1,0.0,0.0,0.0,0.0,0.0,0.0,0.0,-0.1,0.0,,0.0,-0.1,0.0,,0.0,-0.1,0.0,0.0,,0.1,0.0,,0.0,,-0.1,0.0,0.1
2022-05-13,0.1,0.0,-0.1,,0.0,-0.1,0.0,0.0,0.1,0.1,0.0,0.0,0.0,0.0,0.0,0.0,-0.1,0.0,0.0,,0.0,0.0,0.0,0.0,,0.0,0.0,0.0,-0.1,0.1,0.0,0.0,-0.1,,0.0,,0.0,0.0,0.1,0.0,,0.0,0.0,0.0,,0.0,0.0,0.0,0.0
2022-06-01,0.0,0.1,0.0,0.0,0.0,-0.1,-0.1,0.0,0.0,0.0,0.0,0.0,0.0,0.0,0.0,-0.1,0.0,0.0,0.0,0.0,0.0,0.0,0.0,0.0,0.1,0.0,0.0,,0.1,0.0,0.0,-0.1,0.0,0.0,0.0,-0.1,0.0,0.0,0.1,0.0,0.0,0.0,0.0,0.0,0.0,,0.0,0.1,0.0
2022-06-14,0.0,,0.0,0.0,,0.1,0.0,0.0,0.0,0.0,0.0,0.0,-0.1,0.0,0.0,0.0,0.0,-0.1,0.0,0.0,0.0,0.0,-0.1,0.0,0.0,0.0,-0.1,0.0,0.1,0.0,0.0,,,,0.0,-0.1,0.0,0.0,0.0,0.0,0.1,,0.1,0.0,0.1,0.0,0.0,0.0,
2022-06-21,0.0,0.0,0.0,-0.1,,-0.1,-0.1,0.0,0.0,0.0,0.0,0.0,0.0,0.0,0.0,0.0,0.1,0.0,-0.1,0.0,0.0,0.0,0.0,0.0,0.0,0.0,0.0,0.0,0.0,0.0,0.0,0.0,-0.1,,0.0,0.0,0.0,0.0,0.1,0.0,0.0,0.1,0.1,0.0,0.1,0.0,0.0,0.0,0.0
2022-06-27,,0.0,0.0,0.0,,0.0,,,0.1,-0.1,0.0,-0.1,0.0,,0.0,0.0,0.0,-0.1,0.0,0.1,0.0,0.0,0.0,0.0,-0.1,0.0,0.0,0.0,0.0,0.0,0.0,0.0,0.0,,0.0,,0.1,0.0,0.1,0.0,0.1,0.0,0.0,0.0,0.0,0.0,0.0,0.0,-0.1
2022-09-01,0.0,0.0,-0.1,0.0,,-0.1,,0.0,0.0,0.0,0.0,0.0,0.0,,0.0,,0.0,,,0.0,0.0,0.0,0.0,0.0,0.1,0.0,0.0,-0.1,0.1,0.0,-0.1,0.0,0.0,0.0,0.1,0.0,0.0,0.0,0.0,0.0,0.1,0.0,0.0,0.0,0.0,0.1,-0.1,0.0,0.0
2022-09-14,0.0,0.0,0.0,,,0.1,0.0,0.0,0.0,0.0,0.0,-0.1,0.0,-0.1,0.0,0.0,0.1,0.0,0.0,0.0,0.0,0.0,0.1,0.0,0.0,,0.0,0.0,0.0,0.0,0.0,,-0.1,0.0,0.0,0.0,0.0,0.0,0.0,0.0,0.0,-0.1,0.0,,0.0,0.1,-0.1,0.1,
2022-09-19,0.0,0.0,0.0,0.0,,0.0,0.0,0.0,0.0,0.0,0.0,0.0,0.0,0.1,0.0,0.0,-0.1,-0.1,0.0,0.0,-0.1,0.0,0.0,0.0,0.0,0.0,0.0,0.0,0.0,0.0,0.0,0.0,0.0,0.0,0.0,0.0,0.1,-0.1,0.0,0.0,0.0,0.0,0.0,0.0,0.1,0.1,0.1,0.0,-0.1
2022-09-26,0.0,0.0,0.0,0.0,,,0.0,0.0,0.0,-0.1,0.1,0.0,0.0,0.0,0.0,0.0,-0.1,0.1,-0.1,-0.1,0.0,0.0,0.0,0.0,0.0,0.0,0.0,0.0,0.0,0.0,0.0,0.0,0.0,0.0,0.0,0.0,-0.1,0.0,0.0,0.0,,0.0,0.1,0.0,0.1,0.0,0.0,0.0,0.1
2022-09-29,0.1,-0.1,0.0,0.0,,0.0,,0.1,0.0,0.0,0.0,0.1,0.0,0.0,0.0,0.0,-0.1,0.0,0.0,,0.0,0.0,0.0,0.0,-0.1,0.0,0.0,0.0,,0.0,-0.1,0.0,0.0,,0.0,0.1,0.0,0.0,0.0,0.0,0.0,,-0.1,0.0,0.0,0.1,0.0,0.0,0.0
2022-10-03,0.0,0.1,0.0,-0.1,,0.0,0.0,0.0,0.0,0.0,0.0,0.0,0.0,0.0,0.0,0.0,0.0,0.1,0.0,-0.1,0.0,0.0,0.0,-0.1,0.0,0.0,0.0,-0.1,0.0,0.0,0.0,0.1,0.0,,0.1,0.0,0.0,0.0,0.0,0.0,0.0,0.0,0.0,0.0,0.0,0.0,-0.1,0.0,0.1
2022-10-05,0.0,0.0,-0.1,0.0,,,0.0,0.0,0.0,0.0,0.0,0.0,0.0,0.0,0.1,0.1,0.0,-0.1,0.0,0.0,0.0,-0.1,0.1,0.0,0.0,0.0,0.0,0.1,0.0,0.0,0.1,0.0,0.0,,0.0,,0.0,0.0,0.0,0.0,0.0,,0.0,0.0,0.0,-0.1,-0.1,0.0,0.0
2022-10-14,0.0,0.0,0.0,0.0,0.0,0.0,0.1,0.0,-0.1,-0.1,0.1,0.0,0.0,0.0,0.1,0.1,0.0,0.0,0.0,0.0,0.0,-0.1,0.0,0.0,0.0,0.0,-0.1,0.0,0.0,0.0,0.0,0.0,0.1,0.0,0.0,0.0,0.0,0.0,0.0,-0.1,0.0,0.0,0.0,0.0,0.0,0.0,0.0,0.0,0.0
2022-10-24,0.0,0.0,0.1,0.0,,0.0,0.0,0.0,0.0,0.0,0.0,0.0,0.0,0.0,0.1,0.1,0.0,0.0,0.0,0.0,-0.1,0.0,0.0,0.0,-0.1,0.0,0.0,0.1,-0.1,0.0,0.0,0.0,,,,0.0,0.0,0.0,0.0,0.0,0.1,0.0,0.0,-0.1,0.0,0.0,-0.1,0.0,0.0
2022-11-03,0.0,0.0,0.0,,0.0,0.0,0.0,0.0,-0.1,0.0,0.0,0.1,,0.0,0.0,0.0,0.0,0.0,0.0,0.0,0.0,-0.1,0.0,0.0,-0.1,0.1,0.0,0.0,0.0,0.0,0.0,,0.1,0.0,0.0,0.0,0.1,0.0,0.0,0.1,-0.1,,0.0,0.0,0.0,-0.1,0.0,0.0,0.0
2022-11-11,0.0,0.0,0.0,0.0,-0.1,0.0,-0.1,0.0,0.0,0.0,0.0,-0.1,0.0,0.0,0.0,0.0,-0.1,0.0,0.0,0.0,0.0,0.0,0.0,0.0,0.0,0.0,0.1,0.0,0.1,0.0,0.0,0.0,-0.1,0.0,0.0,0.0,0.0,0.0,0.1,0.0,0.0,0.0,0.1,0.0,,0.1,0.0,0.0,0.0
2022-11-14,0.0,0.0,0.0,0.0,0.0,0.0,0.0,0.0,0.0,0.0,0.0,0.0,0.0,-0.1,0.0,0.0,0.0,0.0,0.0,0.0,0.1,0.0,0.0,0.0,0.1,0.0,0.0,0.0,0.1,0.0,-0.1,-0.1,0.0,0.0,0.0,0.0,0.0,0.0,0.1,0.0,0.0,0.0,-0.1,0.0,-0.1,0.0,0.0,0.1,0.0
2022-11-15,,-0.1,0.1,0.0,0.0,0.0,0.0,0.0,0.1,0.0,,0.0,0.0,0.0,,0.0,0.1,0.0,0.0,0.0,-0.1,0.0,0.0,0.0,-0.1,,0.0,0.0,-0.1,0.0,-0.1,0.0,0.0,0.0,0.0,,0.0,0.0,0.1,0.0,0.0,0.1,0.0,0.0,0.0,0.0,0.0,0.0,0.0
2022-11-16,0.0,0.0,0.0,0.0,0.0,0.0,0.0,0.0,0.0,0.0,-0.1,0.0,0.0,0.0,0.0,0.0,0.0,0.0,0.0,0.0,0.0,0.1,0.0,0.0,0.1,0.0,0.1,0.0,0.0,0.0,-0.1,0.0,-0.1,0.0,0.0,-0.1,0.0,0.0,0.1,0.0,0.1,-0.1,0.0,0.0,0.0,0.0,0.0,0.0,0.0
2022-12-01,0.0,0.0,0.0,0.0,0.0,0.0,0.0,0.0,0.0,0.1,0.0,0.0,0.0,0.0,-0.1,0.0,0.0,0.0,0.0,0.0,0.0,0.1,0.0,0.0,0.0,0.0,0.0,-0.1,0.0,0.0,-0.1,0.0,0.0,0.0,0.0,-0.1,0.0,0.0,-0.1,0.0,0.0,0.1,0.0,0.1,0.0,0.1,0.0,0.0,0.0
2022-12-14,0.0,0.0,0.0,0.0,0.0,0.1,0.0,0.0,0.0,0.0,0.0,0.0,0.0,0.0,0.0,0.0,0.0,0.0,-0.1,-0.1,0.0,0.0,0.0,-0.1,0.1,0.0,0.1,-0.1,-0.1,0.0,0.0,0.0,0.0,0.0,0.0,0.0,0.0,0.0,0.1,0.0,0.0,0.0,0.0,0.0,0.0,0.0,0.1,0.0,0.0
2022-12-15,0.1,0.0,0.0,0.0,,0.0,,0.0,0.1,0.1,0.0,0.0,0.0,0.0,0.0,0.0,0.0,0.0,0.0,0.0,0.0,,0.0,0.0,-0.1,0.0,,-0.1,-0.1,0.0,,0.0,0.0,0.0,-0.1,0.0,0.0,0.0,0.0,0.0,0.1,0.0,0.0,0.0,,0.1,-0.1,0.0,0.0
2022-12-16,0.0,0.0,0.0,0.0,,0.0,0.0,0.0,-0.1,0.0,0.1,0.0,0.0,0.0,0.0,0.0,-0.1,0.1,0.0,0.0,0.0,0.0,0.0,0.1,0.0,0.0,,,0.1,0.0,0.1,0.0,,0.0,0.0,0.0,0.0,0.0,0.0,0.0,-0.1,-0.1,,0.0,,0.0,0.0,0.0,-0.1
2022-12-19,0.0,0.1,0.0,0.1,,-0.1,0.0,0.0,0.0,0.0,0.0,0.0,0.0,0.0,0.0,0.0,0.0,0.0,0.0,0.0,0.0,0.0,0.0,0.0,0.0,-0.1,0.1,-0.1,0.0,0.0,0.0,0.0,0.0,0.0,0.0,0.0,0.1,0.0,0.0,0.0,0.0,0.1,0.0,-0.1,0.0,0.0,0.0,-0.1,0.0
2023-01-23,0.0,0.0,0.0,0.0,,0.0,0.0,0.0,0.0,0.0,0.0,0.0,0.1,-0.1,-0.1,-0.1,0.0,0.1,-0.1,0.0,0.1,0.1,0.0,0.0,0.1,0.0,,0.0,0.0,0.0,-0.1,0.0,0.0,0.0,0.0,0.0,0.0,0.0,0.0,,0.0,0.0,0.0,0.0,0.0,0.0,,0.0,0.0
2023-01-24,0.0,0.0,0.0,0.1,-0.1,,0.0,0.0,,,0.0,0.0,,0.0,0.0,0.0,0.0,0.0,0.0,0.0,0.0,0.0,0.0,0.0,0.1,0.0,,0.0,0.0,0.0,0.0,0.0,0.0,-0.1,0.1,-0.1,0.0,0.0,0.0,0.1,0.0,,0.0,,0.0,-0.1,-0.1,0.0,0.1
2023-02-02,0.0,0.0,0.0,,-0.1,0.1,0.0,-0.1,0.0,0.1,0.0,0.0,0.0,0.0,0.0,0.0,0.0,0.0,0.0,,0.0,0.0,0.0,0.0,0.0,0.0,0.0,0.0,0.0,0.0,0.0,0.0,-0.1,-0.1,0.0,0.0,-0.1,0.0,0.0,0.0,0.0,,0.1,0.1,0.1,0.0,0.0,,0.0
2023-02-03,0.0,0.0,0.0,0.0,0.0,0.0,-0.1,0.0,0.0,0.0,0.0,0.0,0.0,0.0,-0.1,-0.1,0.0,0.0,0.0,0.0,0.0,0.0,0.1,0.0,0.1,0.0,0.0,-0.1,0.1,-0.1,0.0,,0.0,0.0,0.0,0.0,0.0,0.0,0.1,0.0,,0.0,0.1,0.0,0.0,0.0,0.0,0.0,0.0
2023-02-06,-0.1,0.0,,0.0,0.0,0.0,0.1,0.0,-0.1,0.0,0.0,,0.0,0.0,0.0,0.0,0.1,0.0,0.1,0.0,0.0,-0.1,0.0,0.1,-0.1,0.0,0.0,0.0,0.0,0.0,0.0,,0.0,0.0,,0.0,0.0,0.0,0.0,-0.1,,0.0,0.0,0.0,0.0,0.1,,0.0,
2023-03-13,0.0,-0.1,0.0,0.1,0.0,-0.1,0.0,0.0,0.0,0.0,0.0,0.0,0.0,0.0,0.0,0.0,0.0,0.0,0.0,0.0,-0.1,-0.1,0.0,,0.0,0.1,0.0,0.0,0.0,0.0,,-0.1,0.0,0.0,,,,0.0,0.0,0.1,0.0,0.0,0.0,0.1,,0.0,0.1,,0.0
2023-03-14,0.0,-0.1,0.0,0.0,0.0,-0.1,-0.1,0.0,0.1,0.0,0.0,0.0,0.0,0.0,0.0,0.0,0.0,0.0,0.0,0.0,0.0,0.1,0.0,0.0,-0.1,0.0,0.0,0.0,0.1,-0.1,,0.0,0.0,0.0,0.0,0.0,0.0,0.0,,0.0,0.0,0.0,0.0,0.0,0.0,0.1,0.0,0.0,0.1
2023-03-15,0.0,0.0,0.0,0.1,-0.1,0.1,0.0,0.0,0.0,0.0,0.0,0.0,0.0,,0.0,0.0,0.1,0.1,0.0,-0.1,0.0,0.0,0.0,0.0,0.0,0.0,0.0,-0.1,-0.1,0.0,,0.0,,0.0,0.0,0.0,-0.1,0.0,0.0,0.0,0.0,0.0,0.0,0.0,0.0,0.0,0.1,0.0,0.0
2023-03-16,0.0,0.0,0.0,0.0,0.0,0.0,0.0,0.0,0.0,0.1,0.0,0.0,0.0,,-0.1,-0.1,0.0,0.0,0.0,0.0,0.0,0.1,0.0,0.1,0.0,0.0,0.0,0.0,0.0,-0.1,-0.1,0.0,,0.0,0.0,0.0,0.0,0.0,0.0,0.0,0.0,0.0,0.1,0.0,0.1,0.0,0.0,-0.1,0.0
2023-03-17,0.0,0.0,0.0,0.0,-0.1,0.0,0.0,0.0,0.0,0.0,0.0,0.0,0.0,,-0.1,0.0,0.1,0.0,0.0,0.0,0.0,0.0,0.0,,0.0,0.1,0.0,0.0,0.0,-0.1,0.0,0.0,-0.1,0.0,0.0,-0.1,,0.0,,0.0,0.1,0.1,0.0,0.0,0.0,0.0,0.0,0.0,0.1
2023-03-20,0.0,0.0,0.0,0.0,-0.1,0.1,0.0,0.0,0.1,0.1,0.0,0.0,0.0,0.0,-0.1,-0.1,0.0,0.0,0.0,0.0,0.0,0.1,0.0,0.0,0.0,0.0,0.0,0.0,0.1,-0.1,0.0,0.0,0.0,0.0,0.0,0.0,0.0,0.0,0.0,0.0,0.0,-0.1,0.0,0.0,0.0,0.0,0.0,0.0,0.0
2023-05-22,0.0,0.0,-0.1,0.0,0.0,0.0,0.0,0.0,0.0,0.0,0.0,0.0,-0.1,0.1,0.0,0.0,0.1,-0.1,,0.0,0.0,0.0,0.0,,0.0,0.1,-0.1,0.0,-0.1,0.0,0.0,0.1,0.0,0.0,,,0.0,0.0,,0.0,,0.1,,0.0,0.0,0.0,0.0,0.0,0.0
2023-05-26,0.0,0.0,0.1,0.0,-0.1,0.0,0.0,-0.1,,0.0,0.0,0.0,0.0,0.0,0.0,0.0,0.0,0.0,0.0,0.0,0.1,,0.0,0.0,0.0,0.0,0.0,0.0,0.0,-0.1,0.0,0.0,0.0,-0.1,0.0,0.0,0.0,0.0,0.0,0.0,0.1,0.1,0.0,,0.0,,-0.1,0.0,0.1
2023-05-31,0.0,0.0,0.0,-0.1,0.0,0.0,0.0,0.0,,0.0,0.0,-0.1,0.0,0.0,0.0,0.0,0.0,0.0,0.0,0.0,,,0.0,0.0,0.0,0.1,0.0,0.0,0.1,0.0,-0.1,0.0,-0.1,0.0,0.1,-0.1,0.1,0.0,0.0,0.0,0.0,,,0.0,0.0,0.0,0.0,0.1,0.0
2023-06-01,0.0,0.0,0.0,0.0,0.1,0.0,0.0,0.0,0.0,0.0,0.0,-0.1,0.0,0.0,0.0,0.0,0.1,0.0,-0.1,0.0,0.0,0.0,0.0,0.0,0.0,0.0,0.0,0.0,-0.1,0.0,0.0,0.0,0.0,0.1,0.0,0.0,0.0,0.0,-0.1,0.0,-0.1,0.0,0.1,0.1,0.0,0.0,0.0,0.0,0.0
2023-06-02,0.0,0.1,0.0,0.0,0.0,0.1,0.0,0.1,0.0,0.0,0.0,0.1,0.0,0.0,0.0,0.0,0.0,0.0,0.0,,0.0,0.0,0.0,,0.0,0.0,0.0,0.0,0.0,0.0,0.0,0.1,0.0,0.0,-0.1,0.0,-0.1,,-0.1,-0.1,0.0,0.0,,0.0,0.0,-0.1,0.0,0.0,0.0
2023-06-05,0.0,-0.1,0.0,0.0,0.0,0.0,0.0,0.0,0.0,0.0,0.0,0.0,0.0,0.0,,0.0,0.0,0.0,0.0,0.0,-0.1,0.0,-0.1,,0.0,0.0,0.0,0.1,,0.0,0.1,0.0,0.0,0.0,-0.1,0.0,0.1,0.1,0.0,0.0,0.1,0.0,0.0,-0.1,0.0,0.0,0.0,0.0,0.0
2023-06-08,0.0,,0.0,0.0,0.0,0.0,0.1,0.0,,0.0,0.0,0.0,,0.0,0.1,0.0,-0.1,-0.1,0.1,0.0,0.0,,0.0,0.0,0.0,0.0,0.0,0.0,0.0,0.1,0.0,0.0,0.1,0.0,0.0,0.0,0.0,0.0,0.0,0.0,0.0,0.0,-0.1,-0.1,-0.1,0.0,0.0,0.0,0.0
2023-06-15,0.0,0.1,-0.1,0.0,0.0,0.0,0.0,-0.1,,0.0,0.0,0.0,0.0,0.1,0.0,0.0,0.0,0.0,0.0,-0.1,0.0,,0.0,0.0,,0.0,,0.0,0.0,0.0,0.0,-0.1,0.0,0.0,0.0,0.0,0.1,0.0,0.1,0.0,,0.0,0.0,0.0,0.0,0.1,-0.1,,
2023-06-16,0.0,0.0,0.0,0.0,0.1,-0.1,0.0,0.0,,0.0,0.0,0.0,0.0,0.1,0.0,0.0,0.0,0.0,0.0,0.0,-0.1,0.0,0.0,,0.0,0.0,0.0,0.0,0.0,-0.1,0.0,0.1,0.0,0.0,0.0,0.1,-0.1,0.1,0.0,0.0,0.0,0.0,0.0,0.0,0.0,0.0,0.0,-0.1,0.0
2023-06-20,0.0,-0.1,-0.1,0.0,0.0,0.0,0.0,0.0,0.0,0.0,0.0,0.0,0.0,0.1,0.0,0.0,0.0,0.0,0.0,0.0,0.0,0.0,-0.1,0.0,0.1,0.0,0.0,0.0,0.0,0.0,0.1,0.0,0.0,0.0,0.0,0.0,0.0,0.0,0.1,-0.1,0.0,0.1,0.0,0.0,0.0,-0.1,0.0,0.0,0.0
2023-06-21,-0.1,0.0,0.0,0.0,0.0,0.0,0.0,0.0,,0.0,0.0,-0.1,0.0,0.0,0.0,0.0,,0.0,0.0,0.0,0.0,,0.0,0.1,-0.1,0.0,0.0,-0.1,0.0,0.0,0.0,0.1,,0.0,0.0,0.0,0.0,,-0.1,0.0,0.0,0.0,0.1,0.0,0.1,0.1,0.0,0.0,0.0
2023-06-26,-0.1,0.1,0.0,0.1,0.0,0.0,0.0,0.0,0.0,0.0,,0.0,0.0,0.0,0.0,0.0,0.0,0.0,0.0,0.0,0.0,0.0,0.1,0.0,0.0,-0.1,0.1,-0.1,0.0,0.0,0.0,0.0,0.0,0.0,0.0,0.0,0.0,0.1,0.0,-0.1,0.0,0.0,0.0,0.0,0.0,0.0,0.0,0.0,-0.1
2023-07-03,0.0,-0.1,0.0,0.1,,0.0,0.0,0.0,0.1,0.0,0.0,0.0,0.0,0.1,0.0,0.0,,0.1,0.0,0.0,-0.1,0.0,0.0,0.0,0.0,0.0,0.0,0.0,-0.1,0.0,0.0,0.1,0.0,0.0,-0.1,,0.0,0.0,0.0,0.0,0.0,-0.1,0.0,0.0,,0.0,0.0,0.0,0.0
2023-07-13,0.0,,0.1,,0.0,0.0,0.0,0.0,0.0,0.0,-0.1,-0.1,0.1,0.0,0.0,0.0,0.0,,0.0,-0.1,0.0,0.0,0.0,-0.1,0.0,0.0,0.0,-0.1,0.1,0.0,0.0,0.0,0.1,0.0,0.0,0.0,0.0,0.0,0.1,0.0,0.0,0.0,,0.0,0.0,,0.0,0.0,0.0
2023-07-24,0.0,0.0,-0.1,0.0,0.0,0.0,0.0,0.0,0.0,0.0,0.0,,0.0,0.0,0.0,0.0,0.0,0.0,0.0,0.1,0.0,0.0,0.0,0.0,,,0.1,0.1,0.0,0.0,0.0,0.0,,0.1,-0.1,-0.1,-0.1,-0.1,0.0,0.0,0.0,0.0,0.0,,0.0,0.0,0.0,0.0,0.1
2023-07-28,0.0,-0.1,0.0,0.0,0.0,0.0,0.0,0.0,0.0,,0.0,,0.0,0.0,0.0,0.0,,-0.1,0.0,0.0,0.0,0.0,,0.0,,0.1,-0.1,-0.1,0.1,0.0,0.0,,0.0,0.0,0.1,-0.1,0.1,0.0,0.0,0.0,0.0,,0.0,0.0,0.0,0.0,0.0,0.1,0.0
2023-09-01,0.0,,,0.0,0.0,0.0,-0.1,-0.1,,0.0,-0.1,-0.1,0.0,,0.0,0.0,0.0,0.0,0.0,0.0,0.1,0.1,0.1,0.0,0.0,0.0,0.0,,0.0,0.0,,0.0,0.0,0.0,0.0,0.0,0.0,0.0,0.1,0.0,0.0,-0.1,0.0,0.0,0.0,0.0,0.0,0.1,0.0
2023-09-18,0.0,0.1,0.0,0.0,0.0,0.0,0.0,0.0,0.0,0.0,0.0,0.0,0.0,-0.1,-0.1,-0.1,0.1,0.0,0.0,0.0,0.1,0.0,0.0,0.0,0.1,-0.1,0.1,0.0,0.0,0.0,0.0,0.0,0.0,0.0,0.0,0.0,0.0,0.0,-0.1,0.0,0.0,0.0,0.0,0.0,0.0,0.0,0.0,0.0,0.0
2023-09-22,0.0,,,0.0,0.0,0.0,0.0,0.0,0.0,0.0,0.0,0.0,0.1,,0.0,0.0,0.0,0.1,0.0,0.0,,0.0,0.1,0.0,0.1,0.0,0.1,-0.1,,-0.1,-0.1,0.0,0.0,,0.0,0.0,0.0,-0.1,-0.1,0.0,,0.0,0.0,0.0,0.0,0.0,0.0,0.0,0.0
2023-10-09,0.0,0.0,0.0,0.0,0.0,0.0,,0.0,0.0,0.0,0.1,-0.1,0.0,-0.1,0.0,0.0,0.0,0.0,0.0,0.0,,0.0,0.0,0.0,-0.1,0.0,0.1,0.0,0.0,0.0,0.0,0.0,0.0,0.0,0.0,0.0,,0.0,-0.1,0.0,0.1,0.1,0.0,0.0,0.1,-0.1,0.0,0.0,0.0
2023-10-20,0.0,0.1,0.0,,0.0,0.0,0.0,0.0,0.0,,0.1,-0.1,0.0,0.0,0.0,0.0,0.0,0.1,0.0,0.0,,0.0,0.0,0.0,0.0,0.0,0.0,0.0,0.1,-0.1,-0.1,0.0,-0.1,0.0,0.0,0.0,0.0,0.0,0.0,0.0,-0.1,,0.0,0.0,0.0,0.0,0.0,0.0,0.1
2023-10-23,0.0,-0.1,-0.1,0.0,-0.1,0.0,0.0,0.0,0.1,0.0,0.1,0.0,0.0,,0.0,0.0,0.0,0.0,0.0,0.0,,0.1,0.0,0.0,0.0,0.0,0.0,0.0,-0.1,0.0,0.0,0.0,0.0,0.0,0.0,0.0,0.0,0.0,0.0,0.0,0.0,0.1,0.0,0.0,0.0,0.0,0.1,0.0,-0.1
2023-10-27,0.0,0.0,0.0,0.0,,0.0,0.0,0.0,0.0,,0.0,0.0,0.0,,0.0,0.0,0.0,-0.1,0.0,0.0,0.1,0.0,0.0,-0.1,0.0,0.1,0.0,0.0,-0.1,0.1,0.0,0.1,-0.1,0.0,0.0,0.0,0.0,-0.1,0.0,0.1,0.0,0.0,0.0,0.0,0.0,0.0,0.0,0.0,0.0
2023-10-30,-0.1,0.1,0.0,,,0.0,-0.1,-0.1,0.0,0.0,0.0,,,,0.0,0.0,0.0,0.0,0.0,0.0,0.1,0.1,0.0,0.0,0.0,0.0,0.0,-0.1,0.1,0.0,0.0,0.0,0.0,,0.0,-0.1,0.0,0.0,0.0,0.0,0.0,0.0,0.0,0.0,0.1,0.0,,0.0,0.0
2023-11-03,0.0,0.0,0.0,0.0,0.1,0.0,0.1,0.0,-0.1,0.0,0.1,0.0,0.0,0.0,0.1,0.0,0.0,0.0,0.0,0.0,,0.0,0.0,0.0,0.0,0.0,0.0,0.1,,0.0,0.0,-0.1,0.0,,0.0,-0.1,0.0,0.0,0.0,0.0,0.0,0.0,-0.1,0.0,-0.1,0.0,,0.0,0.0
2023-11-06,0.1,0.1,0.0,-0.1,0.0,0.0,0.0,0.0,-0.1,0.0,0.0,,0.0,-0.1,0.0,0.0,0.0,0.0,0.0,,,0.0,0.0,0.0,0.1,0.0,0.0,,0.0,0.0,,0.0,0.0,-0.1,0.1,0.0,0.0,-0.1,0.1,0.0,0.0,0.0,0.0,0.0,0.0,0.0,0.0,,0.0
2023-11-15,0.0,0.1,0.0,0.0,0.0,,0.0,0.0,-0.1,0.0,-0.1,0.0,0.0,0.0,0.0,0.1,-0.1,0.0,-0.1,0.0,0.0,0.0,0.0,0.0,0.1,0.0,0.0,0.0,0.0,0.0,0.0,0.0,0.0,0.0,0.0,0.0,-0.1,0.0,0.0,0.0,,0.1,0.0,0.0,0.0,0.0,0.0,0.1,0.0
2023-11-16,0.0,0.0,0.0,-0.1,0.0,0.0,0.1,0.0,0.0,0.0,0.0,0.0,0.0,-0.1,,,0.0,-0.1,0.0,0.0,0.0,0.0,,,0.1,0.0,0.0,,0.0,0.0,0.0,0.0,0.0,0.1,0.0,0.0,-0.1,0.0,0.0,0.0,0.0,-0.1,0.0,0.0,0.0,0.0,0.1,0.1,0.0
2023-11-17,0.0,0.0,-0.1,0.0,0.0,0.0,0.0,0.1,0.0,0.0,0.1,,0.1,0.0,,0.0,0.0,0.0,,-0.1,0.0,0.0,0.0,-0.1,0.0,0.0,-0.1,0.0,0.0,0.0,0.0,,0.0,,-0.1,0.0,0.0,0.0,0.0,0.0,0.0,0.1,0.1,0.0,0.0,0.0,0.0,0.0,0.0
2023-12-01,0.0,-0.1,0.0,0.0,0.0,0.0,0.0,0.1,0.0,0.0,0.0,-0.1,0.0,0.0,0.1,0.1,0.0,0.0,0.0,0.0,-0.1,0.0,0.0,0.0,0.0,0.0,0.0,0.1,0.0,0.0,0.0,0.0,0.0,0.1,-0.1,0.0,0.0,0.0,-0.1,0.0,0.0,0.0,0.0,0.0,0.0,0.0,0.0,0.0,0.0
2023-12-05,,0.0,0.0,0.0,,0.0,0.0,0.0,0.0,0.0,0.0,0.1,0.0,0.0,0.0,0.0,-0.1,0.0,0.0,0.0,0.0,-0.1,0.0,0.0,,0.1,0.0,0.0,-0.1,0.0,0.1,-0.1,0.0,0.0,0.0,0.0,,-0.1,0.0,0.0,0.1,0.0,0.0,0.0,0.0,,,0.0,0.1
2023-12-12,0.1,0.0,-0.1,0.0,0.0,0.0,0.0,-0.1,,0.0,-0.1,0.0,0.0,0.0,0.0,0.0,0.0,0.0,0.0,0.0,0.0,0.0,0.0,0.0,0.1,0.0,0.0,0.1,0.0,0.0,0.0,-0.1,0.0,0.0,0.0,0.0,0.0,0.0,0.1,0.0,0.1,0.0,0.0,0.0,0.0,,0.0,0.0,-0.1
2023-12-14,0.0,0.0,0.0,0.0,0.0,-0.1,0.0,0.0,0.0,0.0,0.0,0.0,0.0,0.0,0.0,0.0,0.0,0.1,0.0,0.0,0.0,0.0,0.0,0.1,0.0,0.0,0.0,0.0,-0.1,0.0,-0.1,0.0,0.1,0.0,0.0,0.0,-0.1,0.0,0.0,0.0,0.1,0.0,,0.0,0.0,0.1,0.0,-0.1,0.0
2023-12-15,0.0,0.0,0.0,0.0,0.0,0.0,0.0,0.0,-0.1,0.0,0.0,0.0,0.0,0.0,0.0,0.0,0.0,0.0,0.0,0.0,0.0,-0.1,0.1,0.0,0.1,0.0,0.0,0.0,0.0,0.0,0.0,0.0,0.1,0.0,0.0,0.0,0.0,-0.1,0.1,0.1,0.0,0.0,0.0,-0.1,-0.1,0.0,0.0,0.0,0.0
2023-12-18,0.0,0.0,0.1,0.0,0.0,0.0,-0.1,0.0,0.0,0.0,-0.1,0.0,0.0,0.0,0.0,0.0,0.0,0.0,-0.1,0.0,0.1,0.0,0.1,0.0,0.0,0.0,0.1,0.0,0.0,0.0,0.0,0.0,-0.1,0.0,0.0,0.0,0.0,0.0,0.0,0.0,0.1,0.0,0.0,0.0,0.0,-0.1,0.0,0.0,0.0
2023-12-19,0.1,0.0,0.0,0.1,0.0,,-0.1,0.0,0.0,0.0,-0.1,0.0,0.0,,0.0,0.0,0.1,0.0,0.0,0.0,0.0,0.0,0.0,0.0,0.0,0.0,0.0,-0.1,0.0,0.0,-0.1,0.0,0.0,0.0,0.0,0.1,0.0,0.1,0.0,0.0,0.0,-0.1,0.0,0.0,0.0,0.0,0.0,0.0,0.0
2023-12-21,0.0,0.0,0.0,-0.1,0.0,0.0,0.0,0.0,0.0,0.0,0.0,0.0,0.0,0.1,-0.1,-0.1,0.0,0.0,-0.1,0.0,0.1,0.0,0.1,0.0,,0.0,,-0.1,0.0,0.0,0.0,0.0,0.0,0.0,0.0,0.0,0.0,0.0,0.0,0.0,0.0,0.0,0.1,0.0,,0.0,0.0,0.0,0.1
2024-01-03,0.1,-0.1,0.0,0.0,0.0,-0.1,0.0,0.0,0.0,0.0,0.0,0.0,0.0,0.0,0.0,,0.0,0.1,0.1,0.0,0.0,0.0,0.0,0.0,0.0,0.0,0.0,0.0,-0.1,0.0,0.1,0.0,0.0,0.0,0.0,0.1,-0.1,0.0,0.0,0.0,-0.1,0.0,0.0,0.0,,0.0,0.0,0.0,0.0
2024-01-04,0.0,0.0,,0.1,0.0,-0.1,0.0,0.0,0.0,-0.1,0.0,0.0,-0.1,0.0,0.0,,0.1,0.1,0.0,0.0,0.0,0.0,0.0,0.0,-0.1,0.0,0.0,0.0,0.0,0.0,0.0,0.0,,,0.0,0.0,0.1,0.0,0.0,,0.0,0.0,0.0,0.1,-0.1,,0.0,0.0,0.0
2024-01-09,0.0,0.1,-0.1,0.0,0.0,-0.1,0.0,0.0,0.1,0.0,0.0,-0.1,0.0,0.0,,,0.0,,0.0,0.0,0.0,0.1,,,0.0,,0.0,,0.0,-0.1,0.0,0.0,0.0,-0.1,0.0,0.0,0.0,0.0,0.0,0.0,0.0,0.0,0.1,0.0,0.1,0.0,0.0,0.0,0.0
2024-01-22,0.0,0.0,0.0,0.0,-0.1,0.0,0.0,-0.1,0.0,0.0,0.0,0.0,0.0,0.0,0.0,0.0,0.0,-0.1,0.0,0.0,0.0,0.0,0.1,0.0,0.0,0.0,-0.1,0.0,0.0,0.0,0.0,0.0,0.0,0.0,0.0,0.0,0.0,-0.1,0.1,0.0,0.0,0.1,0.0,0.0,0.0,0.0,0.0,0.1,0.1
2024-01-23,-0.1,0.0,0.1,0.0,0.1,0.0,0.0,0.0,0.0,0.0,0.0,0.0,-0.1,-0.1,0.0,0.0,0.1,0.0,,0.0,0.0,0.0,0.0,0.0,,0.0,0.1,0.0,0.0,0.1,0.0,0.0,0.0,0.0,0.0,0.0,0.0,0.0,-0.1,0.0,0.0,,,,,-0.1,0.0,0.0,0.0
2024-01-25,0.0,0.1,0.1,0.0,-0.1,0.0,0.0,0.0,0.0,-0.1,0.0,0.0,0.0,0.0,0.0,0.0,0.0,0.0,,0.0,0.0,0.0,0.1,0.1,,0.0,0.0,0.0,,0.0,-0.1,,0.0,-0.1,0.0,0.0,0.0,0.0,0.0,0.0,0.0,0.1,,0.0,,0.0,-0.1,0.0,0.0
2024-01-26,0.0,0.0,0.0,0.0,0.0,0.0,0.0,0.0,0.0,0.0,0.1,0.0,-0.1,,0.0,0.0,0.0,-0.1,0.0,0.0,,0.0,0.0,0.0,0.0,0.1,0.1,0.0,0.0,0.0,0.0,0.0,0.0,0.0,-0.1,0.0,0.0,0.1,0.1,0.0,0.0,,-0.1,-0.1,0.0,0.0,0.0,0.0,0.0
2024-01-30,0.1,0.0,0.0,0.0,0.0,0.0,0.0,0.0,,0.1,0.0,-0.1,,-0.1,0.0,0.0,0.1,0.0,,0.0,0.0,,0.0,0.0,0.0,0.0,0.0,0.0,0.0,-0.1,0.0,0.0,-0.1,0.0,0.0,0.1,0.0,0.0,0.0,-0.1,0.0,,,,0.0,0.0,0.1,0.0,0.0
2024-02-01,0.0,0.0,0.0,0.0,0.0,-0.1,0.0,0.0,0.0,0.0,0.0,0.0,0.1,,0.1,0.1,0.0,0.0,0.0,-0.1,-0.1,0.0,0.0,0.0,0.0,-0.1,0.0,0.0,0.0,0.1,0.0,0.0,0.0,0.0,0.0,-0.1,0.1,0.0,0.0,0.0,0.0,0.0,0.0,0.0,0.0,0.0,0.0,0.0,0.0
2024-02-02,0.0,0.0,0.0,0.0,0.0,-0.1,0.0,,0.1,0.0,0.0,,0.0,,0.0,0.0,,0.0,0.1,0.0,0.1,0.0,-0.1,0.0,0.0,-0.1,0.0,0.0,-0.1,0.0,0.0,,0.0,0.0,0.0,0.1,0.0,0.1,0.0,0.0,0.0,0.0,0.0,0.0,,0.0,0.0,0.0,-0.1
2024-02-05,0.0,0.0,0.1,0.0,0.0,0.0,-0.1,0.0,0.0,0.0,0.0,,0.0,,0.0,0.0,0.1,0.0,0.0,0.0,0.1,0.0,0.1,0.0,0.0,,0.0,-0.1,0.0,-0.1,0.0,0.1,0.0,-0.1,0.0,0.0,,0.0,0.0,0.0,0.0,0.0,0.0,0.0,-0.1,0.0,0.0,0.0,0.0
2024-02-06,0.0,-0.1,0.0,0.0,0.0,0.0,0.0,-0.1,0.0,0.0,0.0,0.0,0.0,0.0,0.0,0.0,,0.0,0.0,0.0,0.0,0.0,0.0,0.1,-0.1,0.0,0.1,0.0,0.0,0.1,0.0,0.0,0.0,-0.1,0.0,0.0,,,0.1,0.0,0.0,0.0,,-0.1,,0.0,0.0,0.0,0.1
2024-02-14,0.0,0.0,,0.0,0.0,0.0,0.0,0.0,0.1,0.0,0.0,0.0,0.0,0.0,0.0,0.0,0.1,0.0,0.1,-0.1,0.1,0.0,0.0,,0.0,-0.1,0.0,0.0,0.0,0.0,0.0,,0.0,-0.1,,0.0,,0.1,0.0,-0.1,,0.0,0.0,0.0,,-0.1,0.0,0.0,0.0
2024-02-23,0.1,0.0,0.0,,-0.1,0.0,0.0,-0.1,0.1,0.0,0.0,0.0,0.1,,0.0,0.0,0.0,0.0,0.0,0.0,0.0,0.0,0.1,0.0,-0.1,0.0,0.0,0.0,0.0,0.0,0.0,,0.0,-0.1,0.0,0.0,,0.1,-0.1,0.0,0.0,0.0,0.0,,0.0,0.0,0.0,0.0,
2024-03-01,0.0,0.1,0.1,0.0,-0.1,0.0,0.0,0.0,0.0,0.0,0.0,-0.1,0.0,0.0,0.0,0.0,0.0,0.0,0.0,0.0,0.0,-0.1,0.0,0.0,0.0,0.0,0.0,0.0,0.0,-0.1,0.0,0.0,0.0,0.0,0.1,0.0,0.0,-0.1,0.0,0.1,0.0,0.1,,0.0,0.0,0.0,0.0,0.0,0.0
2024-03-15,-0.1,0.0,0.0,0.0,0.0,,0.0,0.0,0.0,0.0,0.0,0.0,,0.0,-0.1,-0.1,0.0,0.0,0.0,0.0,0.1,0.1,0.0,0.0,0.0,0.0,0.0,0.0,0.0,-0.1,0.0,0.0,,0.0,0.0,0.0,0.1,0.0,0.0,0.0,0.1,0.0,-0.1,0.0,0.0,0.0,0.0,0.0,0.1
2024-03-18,0.0,0.1,0.1,0.0,0.0,0.0,0.0,0.0,0.0,0.0,0.0,0.0,0.1,0.0,0.0,0.0,0.0,0.0,0.1,-0.1,0.0,-0.1,0.0,0.0,0.0,0.0,0.0,0.0,-0.1,0.0,0.0,0.0,0.1,0.0,0.0,0.0,0.0,0.0,0.0,0.0,0.0,0.0,0.0,-0.1,0.0,-0.1,0.0,0.0,0.0
2024-04-22,0.0,0.0,0.0,0.0,0.1,-0.1,0.0,0.0,-0.1,0.0,0.0,0.0,0.0,0.0,0.0,0.0,,,0.0,0.0,0.0,0.0,-0.1,0.0,0.1,0.0,0.0,0.1,0.0,0.0,0.1,0.0,0.0,0.1,0.0,0.0,0.0,0.0,0.0,0.0,0.0,,0.0,0.0,-0.1,0.0,0.0,0.0,-0.1
2024-06-03,0.0,-0.1,0.0,0.1,0.0,0.0,0.1,0.1,-0.1,0.0,0.1,0.0,0.0,0.0,0.0,0.0,0.0,0.0,0.0,0.0,0.0,0.0,0.0,0.0,0.0,0.0,0.0,0.0,0.0,0.0,0.1,0.0,0.0,0.0,0.0,0.0,0.0,0.0,0.0,0.0,0.0,0.0,-0.1,0.0,-0.1,0.0,0.0,0.0,-0.1
2024-06-21,0.0,0.0,-0.1,-0.1,-0.1,0.0,-0.1,0.0,,0.0,0.1,0.0,0.0,0.0,0.0,,0.0,-0.1,0.0,0.0,0.0,0.0,0.1,0.0,0.0,0.0,0.0,0.0,0.0,0.0,0.0,0.0,0.0,0.0,0.0,0.1,0.1,0.1,0.0,0.0,0.0,0.0,0.0,0.0,0.0,,0.0,0.0,0.0
2024-06-24,0.0,0.0,0.0,0.0,0.0,0.0,-0.1,0.1,0.1,0.0,0.1,0.0,0.0,0.0,0.0,-0.1,0.0,0.1,0.0,0.0,0.0,0.1,0.0,0.0,0.0,0.0,-0.1,0.0,0.0,0.0,0.0,-0.1,0.0,0.0,0.0,0.0,-0.1,0.0,0.0,0.0,0.0,0.0,0.0,0.0,0.0,0.0,0.0,0.0,0.0
2024-06-25,0.0,0.0,0.0,0.0,,-0.1,0.1,0.0,0.0,0.0,0.0,0.0,0.0,,0.0,,0.1,0.0,0.0,0.0,0.0,0.0,-0.1,,0.0,0.0,0.0,0.0,0.0,0.0,0.1,0.0,0.0,0.1,0.0,0.1,0.0,,0.0,0.0,0.0,0.0,-0.1,0.0,-0.1,,0.0,0.0,-0.1
2024-07-01,0.0,-0.1,0.0,0.0,0.0,0.0,0.0,0.0,0.0,0.0,0.0,0.0,0.0,0.1,0.0,0.0,0.0,-0.1,0.0,0.0,0.0,-0.1,0.0,0.0,0.0,0.0,0.0,0.1,0.1,0.0,0.0,0.1,0.0,0.0,0.0,0.0,0.0,0.0,-0.1,0.1,0.0,0.0,0.0,-0.1,0.0,0.0,0.0,0.0,0.0
2024-07-18,0.0,-0.1,0.0,0.0,0.1,0.0,0.0,0.1,0.0,0.0,0.0,0.0,-0.1,0.0,0.0,0.0,0.0,0.0,0.0,0.0,-0.1,0.0,0.0,0.0,0.1,0.0,0.0,0.1,0.0,0.0,0.0,0.0,0.0,0.0,0.0,0.1,,0.0,0.0,,0.0,0.0,,0.0,0.0,0.0,0.0,-0.1,-0.1
2024-07-19,0.0,0.1,0.1,0.0,0.0,0.0,0.0,-0.1,0.0,0.0,0.0,0.0,0.0,,0.0,0.0,,0.0,0.0,0.0,0.0,0.1,0.0,0.0,0.1,0.0,0.0,-0.1,0.0,0.0,0.0,0.0,0.0,-0.1,0.0,0.0,0.1,-0.1,0.0,,0.0,,,0.0,0.0,-0.1,0.0,0.0,0.0
2024-07-25,0.0,0.0,-0.1,0.0,,-0.1,0.0,0.0,0.0,0.0,0.0,0.0,0.0,0.0,0.1,0.1,0.0,0.0,0.0,0.0,0.0,,0.0,0.0,0.0,0.1,0.0,0.0,,0.0,0.0,0.0,0.0,0.0,0.0,0.0,-0.1,-0.1,0.0,0.1,0.0,0.0,0.0,0.0,,0.1,0.0,0.0,-0.1
2024-07-26,0.0,-0.1,0.0,0.0,0.0,0.0,0.0,0.0,0.0,0.0,0.0,-0.1,0.0,0.0,0.1,0.1,0.0,-0.1,0.0,0.1,0.0,,0.0,0.0,0.1,0.0,0.0,0.0,0.0,0.1,0.0,0.0,-0.1,0.0,0.0,0.0,-0.1,0.0,0.0,0.0,0.0,0.0,0.0,0.0,,0.0,0.0,0.0,0.0
2024-08-01,0.0,0.0,0.0,0.0,0.0,0.0,0.0,-0.1,0.1,0.1,0.0,,-0.1,0.0,0.0,0.0,0.0,0.0,0.0,0.0,0.0,0.1,0.1,0.0,0.0,-0.1,0.0,0.0,0.0,0.1,0.0,0.0,0.0,-0.1,0.0,0.0,0.0,0.0,0.0,0.0,-0.1,0.0,0.0,0.0,0.0,0.0,0.0,0.0,0.0
2024-08-02,0.0,0.0,-0.1,0.0,0.0,0.0,0.0,0.0,0.0,0.0,0.0,0.0,0.1,0.0,0.0,0.0,0.0,0.0,0.0,0.0,0.0,0.1,0.0,0.0,-0.1,0.0,0.0,-0.1,0.0,0.0,0.0,,0.0,0.0,-0.1,0.0,0.0,0.1,0.0,0.0,0.0,-0.1,0.0,0.1,0.1,0.0,,0.0,0.0
2024-08-05,-0.1,0.0,0.0,0.0,0.0,0.0,0.1,0.0,0.1,0.0,-0.1,0.0,0.0,0.1,0.0,0.0,0.0,0.0,0.0,0.0,0.0,0.1,0.0,0.0,0.0,0.0,-0.1,0.0,0.0,0.0,0.0,0.0,0.0,0.0,-0.1,0.0,0.0,0.0,-0.1,0.0,0.0,0.1,0.0,0.0,0.0,0.0,0.0,0.0,0.0
2024-08-06,0.0,0.0,0.0,0.0,-0.1,0.0,0.0,-0.1,0.0,0.0,0.0,-0.1,0.1,0.0,0.0,0.0,0.0,0.0,0.0,0.0,0.1,0.0,0.1,0.0,0.0,0.0,0.0,0.0,0.0,0.0,0.0,0.0,0.0,0.0,0.0,-0.1,0.0,0.0,0.0,0.0,0.0,0.0,0.0,0.0,0.0,-0.1,0.0,0.1,0.1
2024-08-07,0.1,0.0,0.0,,0.1,0.0,0.0,,0.0,-0.1,0.0,,0.0,-0.1,0.0,0.1,,-0.1,0.0,0.0,0.0,-0.1,0.0,0.0,0.0,0.0,0.0,0.0,0.0,0.0,0.0,0.0,0.0,0.0,0.0,,0.0,0.0,0.0,0.0,0.0,0.0,0.0,-0.1,0.1,,0.0,0.1,0.0
2024-09-04,0.0,0.0,,,,0.0,0.0,0.0,0.0,0.0,0.0,0.0,,,0.0,0.0,0.0,0.0,0.0,0.0,0.0,0.0,0.0,0.0,0.0,0.0,0.0,0.0,0.1,0.0,0.0,0.0,0.0,0.0,-0.1,0.0,0.0,0.0,0.0,-0.1,-0.1,0.0,0.1,0.1,0.1,0.1,0.0,-0.1,-0.1
2024-09-20,-0.1,0.0,0.0,0.0,0.0,,0.0,0.0,-0.1,0.0,0.0,-0.1,0.0,0.0,0.0,0.0,0.0,0.0,0.0,0.0,,0.0,0.1,0.0,,0.1,,0.0,0.0,0.0,0.0,0.1,0.0,,0.0,0.0,-0.1,0.0,0.0,0.1,0.0,0.1,0.0,-0.1,0.0,0.0,0.0,0.0,0.0
2024-09-23,0.0,0.0,0.0,0.0,0.0,0.0,0.0,0.0,0.1,0.1,0.0,0.0,0.0,0.0,0.0,0.0,0.0,-0.1,0.0,0.0,0.0,0.0,-0.1,0.0,0.0,0.0,-0.1,0.0,0.0,0.0,0.0,-0.1,0.0,0.0,-0.1,0.1,0.1,0.0,0.0,0.0,0.0,0.0,0.0,0.0,0.0,0.0,0.0,0.1,0.0
2024-10-16,0.0,0.1,0.0,0.0,0.0,0.0,0.0,0.0,0.0,0.0,,,0.0,,0.0,,0.0,0.0,0.0,0.0,-0.1,0.0,,0.0,,0.0,-0.1,0.0,-0.1,0.0,0.0,0.0,0.0,0.0,0.0,0.0,0.0,0.1,0.1,0.0,-0.1,-0.1,0.1,0.0,0.1,0.0,0.0,0.0,0.0
2024-11-01,0.0,0.0,0.0,0.0,0.0,-0.1,0.0,0.0,,0.0,0.0,0.0,0.0,-0.1,0.0,0.0,,0.0,0.0,0.0,0.0,0.0,0.0,0.1,0.0,0.1,0.0,0.0,0.1,0.1,0.0,-0.1,0.0,0.0,0.1,0.0,0.0,0.0,,0.0,-0.1,0.0,0.0,0.0,-0.1,0.0,0.0,0.0,0.0
2024-11-07,0.0,0.0,0.0,0.0,0.0,0.0,0.0,0.0,-0.1,-0.1,0.0,0.0,0.0,0.0,0.0,0.0,0.1,0.0,0.0,0.0,0.0,-0.1,0.1,0.0,0.1,0.0,0.0,0.0,0.0,0.0,0.0,0.1,0.0,0.0,0.1,0.0,0.0,0.0,0.0,-0.1,0.0,0.0,0.0,-0.1,0.0,0.0,0.0,0.0,0.0
2024-11-08,0.0,0.0,0.1,0.0,,0.0,0.0,0.0,0.1,0.1,-0.1,0.0,0.0,0.0,0.0,0.0,-0.1,0.0,-0.1,0.0,0.0,0.1,0.0,0.0,0.0,0.0,0.0,-0.1,,0.0,0.0,0.0,0.0,,-0.1,0.0,0.0,0.0,0.0,0.0,0.0,0.0,0.0,0.1,0.0,0.0,0.0,0.0,0.0
2024-11-11,0.0,0.0,0.0,0.1,,0.0,0.0,,0.0,0.0,-0.1,-0.1,0.0,0.0,0.1,0.1,0.0,,0.0,0.0,0.0,0.0,0.0,0.1,-0.1,0.0,0.0,0.0,-0.1,0.0,,,0.0,,-0.1,0.0,0.0,0.0,0.0,0.0,0.0,0.0,0.0,0.1,0.0,0.0,0.0,,0.0
2024-11-18,0.0,0.0,0.0,0.0,0.0,0.1,0.0,0.0,-0.1,0.0,0.0,0.0,0.0,-0.1,0.0,0.0,0.0,0.0,0.0,0.0,-0.1,0.0,0.0,0.0,0.1,0.0,0.0,0.0,0.1,0.0,0.0,-0.1,0.0,0.0,-0.1,0.0,0.1,0.0,0.0,0.0,0.0,0.0,0.0,0.0,0.0,0.0,0.0,0.1,0.0
2024-11-19,-0.1,0.0,0.0,,0.0,0.0,0.0,,0.0,0.0,-0.1,0.0,0.0,0.0,0.0,0.0,0.0,,0.1,0.0,0.0,0.0,0.0,0.0,0.1,0.0,0.0,0.0,0.0,0.0,-0.1,0.1,0.0,0.1,0.0,0.0,0.1,-0.1,0.0,,0.0,0.0,0.0,,0.0,,0.0,0.0,-0.1
2024-11-22,0.1,0.0,0.0,0.0,,0.0,0.1,0.0,0.0,0.0,-0.1,0.0,0.0,0.0,0.1,0.1,0.0,-0.1,-0.1,0.0,0.0,0.0,0.0,0.0,0.0,0.0,0.1,0.0,-0.1,0.0,0.0,-0.1,0.0,0.0,0.0,0.0,0.0,0.0,0.0,0.0,,0.0,0.0,0.0,0.0,0.0,0.0,0.0,
2024-11-25,0.0,0.0,0.0,0.0,,0.0,0.0,,0.0,0.0,0.0,0.0,0.0,0.0,0.1,0.1,-0.1,0.0,0.1,0.1,0.0,0.0,0.0,0.0,0.0,0.0,0.0,,0.0,0.0,0.0,-0.1,0.0,0.1,-0.1,,0.0,0.0,0.0,0.0,-0.1,-0.1,0.0,0.0,0.0,,0.0,0.0,
2024-11-26,0.0,0.0,0.0,0.0,,0.0,0.0,0.0,0.0,0.0,0.0,0.0,0.0,0.0,0.0,0.0,-0.1,0.0,0.0,0.1,0.0,0.0,0.0,0.0,0.0,0.0,-0.1,0.0,-0.1,0.0,0.1,-0.1,0.0,0.1,0.0,0.0,0.0,0.0,0.0,0.0,-0.1,0.0,0.1,0.0,0.0,0.0,0.1,0.0,0.0
2024-12-05,0.0,0.0,,,,0.0,0.0,0.0,,0.0,0.0,-0.1,0.0,0.0,0.0,0.0,,-0.1,0.0,0.0,0.1,0.0,0.1,0.0,0.0,0.0,0.0,0.0,0.0,0.0,0.0,0.0,-0.1,-0.1,0.0,0.0,0.0,0.0,0.0,0.0,0.1,0.0,0.1,,0.1,,-0.1,0.0,0.0
2024-12-10,-0.1,,0.0,,0.1,0.0,0.0,0.0,0.0,0.0,0.0,0.0,0.0,0.0,0.0,0.0,0.0,0.1,0.0,0.0,0.0,0.0,0.0,0.0,0.0,0.0,,0.0,0.0,-0.1,0.0,0.0,0.0,,0.1,0.0,-0.1,,-0.1,0.0,0.0,0.1,0.0,-0.1,0.0,0.0,0.0,0.0,0.1
2024-12-11,-0.1,,,,0.0,0.0,0.0,0.1,0.0,0.0,0.0,0.0,0.0,0.0,-0.1,-0.1,0.1,0.0,0.0,0.0,0.0,0.0,0.0,-0.1,0.0,,0.0,0.0,0.1,0.0,0.0,0.0,0.0,0.0,-0.1,0.0,0.0,0.0,0.0,,0.0,0.0,0.0,0.1,0.0,0.0,0.1,0.0,
2024-12-17,-0.1,0.0,0.0,0.0,0.0,0.0,-0.1,-0.1,,0.0,0.0,0.0,0.0,0.0,-0.1,-0.1,0.0,0.0,0.0,0.0,0.0,0.0,0.0,0.1,0.0,0.0,0.0,0.0,0.0,0.0,0.0,0.0,0.0,0.0,0.0,0.0,0.0,0.0,0.1,0.0,0.1,0.0,0.1,,0.1,0.0,0.0,0.0,0.0
2024-12-18,-0.1,-0.1,0.0,0.0,0.0,0.0,0.0,0.0,0.1,0.0,0.1,0.0,0.0,0.0,0.0,0.0,0.0,0.0,0.0,0.0,-0.1,0.0,-0.1,0.0,0.0,0.0,0.1,0.0,0.0,-0.1,0.0,0.0,0.0,0.0,0.0,0.0,0.0,0.0,0.1,0.0,0.0,0.0,0.0,0.0,0.1,0.0,0.0,0.0,0.0
2024-12-19,0.0,0.0,0.0,0.0,-0.1,0.0,0.0,0.0,0.0,0.0,0.0,0.0,0.0,0.0,0.0,0.0,0.1,0.0,0.0,0.0,0.1,0.0,0.0,0.0,0.0,0.0,0.0,0.0,0.0,0.0,0.0,0.0,0.0,-0.1,0.0,0.0,0.0,-0.1,-0.1,0.0,0.1,0.0,0.0,0.0,0.1,0.0,-0.1,0.0,0.1
2024-12-20,0.0,0.0,0.0,-0.1,0.1,0.0,0.0,0.0,0.0,0.0,0.0,0.0,0.0,0.0,0.0,0.0,0.1,-0.1,0.0,0.0,0.0,-0.1,0.0,0.0,0.0,0.0,0.0,0.0,0.0,0.0,0.0,0.0,0.0,,0.0,0.0,0.0,0.0,0.0,-0.1,0.0,0.0,0.0,0.0,0.1,-0.1,0.0,0.1,0.1
2024-12-23,-0.1,-0.1,-0.1,0.1,0.0,0.0,0.0,0.0,0.0,0.0,0.0,0.0,0.0,0.0,0.0,0.0,-0.1,0.0,0.0,0.0,0.0,0.0,0.0,0.0,0.0,0.0,0.0,0.1,0.1,0.1,0.0,0.0,0.0,0.0,0.0,0.0,0.0,0.0,0.0,0.0,0.0,0.1,0.0,0.0,0.0,0.0,0.0,0.0,-0.1
2025-01-07,0.0,0.0,0.0,0.0,-0.1,0.0,0.0,0.0,0.0,0.0,0.0,0.0,0.0,,-0.1,-0.1,0.0,,0.0,0.0,0.0,0.0,0.1,0.0,0.1,0.1,0.0,-0.1,0.0,0.0,0.0,0.0,,-0.1,0.1,0.0,0.0,,0.0,0.0,0.0,0.0,0.0,,,0.0,0.0,0.1,0.0
2025-01-13,0.0,0.0,0.0,0.0,0.0,0.0,0.0,0.0,0.0,0.0,-0.1,0.0,0.0,0.0,0.0,0.0,0.0,0.0,0.0,-0.1,0.0,0.0,0.0,0.0,-0.1,0.0,0.0,0.0,0.0,0.0,0.1,0.0,0.0,0.0,0.1,,0.0,0.0,0.0,0.0,0.1,-0.1,0.0,0.0,-0.1,0.0,0.0,0.1,0.1
2025-01-16,0.0,0.1,0.1,0.0,0.0,0.0,0.0,0.0,0.0,0.0,0.0,0.1,0.0,,,0.0,-0.1,,0.1,-0.1,0.0,0.0,0.0,0.0,0.0,-0.1,0.0,0.0,,0.0,0.0,0.0,0.0,,0.0,0.0,0.1,0.0,0.0,-0.1,0.0,0.0,-0.1,0.0,0.0,0.0,0.0,0.0,0.0
2025-01-21,0.0,0.1,0.0,0.0,,0.0,0.0,0.0,0.1,0.0,-0.1,0.0,0.0,0.0,0.0,0.0,0.0,0.0,0.1,0.0,0.0,0.0,0.0,0.0,0.1,0.0,0.0,0.0,0.1,0.0,0.0,,,0.0,0.0,0.0,0.0,-0.1,0.0,0.0,-0.1,0.0,0.0,0.0,-0.1,0.0,0.0,0.0,-0.1
2025-01-22,0.1,0.0,-0.1,0.0,,0.0,0.0,0.0,0.0,0.0,0.0,0.0,0.0,-0.1,0.0,0.0,0.0,0.0,0.0,0.0,0.0,0.0,0.0,0.0,0.0,0.0,0.0,0.0,0.1,0.1,0.0,-0.1,0.0,0.0,0.0,0.0,-0.1,0.0,0.0,0.0,0.0,0.0,0.1,0.0,0.1,0.0,-0.1,0.0,0.0
2025-01-23,0.0,0.1,0.0,0.0,,0.0,0.0,0.0,0.1,0.1,0.0,0.0,0.0,0.0,0.0,0.0,0.1,0.0,,0.0,0.0,0.0,0.0,0.0,0.0,,0.0,0.0,0.0,-0.1,-0.1,0.0,0.0,-0.1,-0.1,0.0,0.0,0.0,0.0,0.0,0.0,0.0,0.1,0.0,0.0,0.0,-0.1,0.0,0.0
2025-01-28,0.0,-0.1,0.0,-0.1,0.0,0.0,0.0,0.1,0.0,-0.1,-0.1,-0.1,0.1,0.0,0.0,0.1,0.0,0.0,0.0,0.0,0.0,0.0,0.0,0.0,0.0,0.0,0.0,0.0,0.0,0.0,0.0,0.0,0.0,0.1,0.0,0.0,0.0,0.0,0.0,0.0,0.0,0.0,0.0,0.0,0.0,0.0,0.1,0.0,0.0
2025-02-04,0.1,-0.1,0.0,0.0,,0.0,0.0,0.0,0.0,0.1,-0.1,,0.0,0.0,0.0,0.0,0.1,0.0,0.0,0.0,,0.0,,-0.1,,0.0,0.0,0.0,0.0,0.0,0.0,0.0,0.0,0.0,0.0,0.1,0.0,0.0,0.0,-0.1,0.0,-0.1,0.0,0.1,0.0,0.0,0.0,0.0,0.0
2025-02-19,0.0,-0.1,0.0,0.0,,,0.0,0.0,0.0,0.0,0.1,,0.0,0.0,0.0,0.0,0.1,0.0,0.1,0.0,0.0,-0.1,0.0,-0.1,0.0,,0.0,0.1,0.0,0.0,0.0,-0.1,0.0,0.0,0.0,0.0,0.0,,0.1,0.0,0.0,0.0,-0.1,0.0,,0.0,0.0,0.0,0.0
2025-02-24,0.0,0.0,0.0,0.1,0.0,-0.1,0.0,0.0,0.0,0.0,0.0,0.0,0.0,0.1,0.0,0.0,0.0,0.0,0.0,0.0,-0.1,0.0,-0.1,0.0,0.0,0.0,0.0,0.0,0.0,0.0,0.0,0.0,0.0,0.0,-0.1,0.1,,0.0,0.1,0.0,0.0,0.0,0.0,0.0,0.0,0.1,0.0,-0.1,0.0
2025-02-25,0.0,0.0,0.0,0.0,,-0.1,0.1,0.0,0.0,-0.1,0.0,0.0,0.0,-0.1,0.0,0.0,0.0,0.0,0.0,0.0,0.0,0.0,0.1,0.0,0.0,,0.0,0.1,0.0,0.0,0.1,-0.1,0.0,0.0,0.0,0.1,,0.0,0.0,0.0,-0.1,0.0,,0.0,,0.0,0.0,0.0,0.0
2025-02-26,0.0,0.0,0.0,,,0.0,0.0,0.0,0.1,0.0,-0.1,0.0,0.0,0.0,0.0,0.0,-0.1,0.0,0.1,0.1,0.0,0.0,0.0,-0.1,-0.1,0.0,0.0,0.1,0.0,0.0,0.0,0.0,0.0,0.0,0.0,0.0,0.0,0.0,0.0,0.0,0.0,-0.1,0.1,0.0,0.0,0.0,0.0,0.0,0.0
2025-03-03,0.0,-0.1,0.0,0.1,0.1,0.0,0.0,0.1,-0.1,-0.1,-0.1,0.0,0.1,-0.1,0.0,0.0,0.0,0.0,0.0,0.0,0.0,0.0,0.0,0.0,0.0,0.0,0.0,0.0,0.0,0.0,0.0,0.0,0.0,0.0,0.0,0.0,0.0,0.0,0.0,0.0,0.0,0.0,0.0,0.0,0.0,0.0,0.1,0.0,0.0
2025-03-04,0.0,0.0,-0.1,0.0,,0.0,0.0,0.0,0.0,0.0,0.0,,0.0,0.0,0.0,0.0,0.0,,0.0,0.0,-0.1,0.0,0.0,0.0,0.0,0.0,0.0,,0.0,0.0,-0.1,,0.0,0.1,0.0,0.0,0.0,0.0,0.1,0.0,-0.1,0.0,0.1,0.1,0.1,0.0,,0.0,-0.1
2025-03-05,0.0,0.0,0.0,0.0,-0.1,0.0,0.0,0.0,0.1,0.0,0.0,0.0,0.0,0.1,-0.1,-0.1,0.0,-0.1,0.0,0.0,0.0,0.0,0.1,0.0,0.0,0.1,0.0,0.0,0.0,0.0,0.0,,0.0,-0.1,0.0,0.0,0.0,0.0,0.0,0.0,0.1,0.0,0.0,0.0,0.0,0.0,0.0,0.0,0.0
2025-03-07,0.0,0.0,0.0,0.0,,0.0,0.0,0.0,0.0,0.0,0.0,0.0,0.0,0.1,0.0,0.0,0.0,,0.0,0.1,0.0,0.0,0.0,0.0,0.0,0.0,0.0,0.1,,0.0,0.1,,0.1,0.0,0.0,0.0,,0.0,-0.1,0.0,-0.1,0.0,-0.1,-0.1,-0.1,0.0,0.0,0.0,0.0
2025-03-10,0.0,-0.1,0.0,0.0,,0.0,0.0,-0.1,0.0,0.0,0.1,0.0,0.0,0.0,,,0.0,-0.1,0.0,0.1,0.0,0.0,0.0,,0.1,0.0,-0.1,0.0,0.0,0.0,0.0,,0.1,0.0,0.0,0.0,,0.0,0.0,0.0,-0.1,0.1,0.0,0.0,0.0,0.0,0.0,0.0,0.0
2025-03-11,0.1,-0.1,0.0,0.0,,-0.1,0.0,0.0,0.0,0.0,0.0,0.0,0.0,0.0,0.0,0.0,0.0,0.0,0.0,0.1,0.0,0.0,0.0,0.0,0.1,0.0,0.0,0.0,0.0,0.0,0.0,0.0,0.1,0.0,0.0,0.0,0.0,0.0,0.0,0.0,0.0,0.1,-0.1,0.0,-0.1,-0.1,0.0,0.0,0.0
2025-03-12,0.0,0.0,0.1,0.0,,0.0,-0.1,0.0,0.0,0.0,0.0,-0.1,0.0,0.1,0.0,0.0,0.0,0.0,0.0,-0.1,0.0,0.0,0.0,0.0,0.0,0.0,0.0,0.0,0.0,0.0,-0.1,0.0,-0.1,0.0,0.0,0.0,,0.1,,0.0,0.1,0.0,0.0,0.0,0.0,0.0,0.0,0.1,0.0
2025-03-24,-0.1,0.0,0.0,-0.1,,0.0,0.0,0.0,0.0,0.1,-0.1,0.0,0.0,0.0,0.0,0.0,0.0,0.0,0.0,0.0,0.0,0.0,0.1,0.0,0.0,0.0,0.0,-0.1,0.1,-0.1,0.0,0.1,0.0,0.0,0.0,0.0,0.0,0.0,0.0,0.1,0.0,0.0,0.0,0.0,0.0,0.0,0.0,0.0,0.0
2025-04-01,0.0,-0.1,0.0,0.0,,0.0,0.1,0.0,0.0,0.0,0.0,0.0,0.0,0.0,0.0,0.0,0.0,0.0,0.0,0.0,-0.1,0.0,-0.1,0.0,0.0,0.0,0.0,0.0,0.0,0.1,0.0,0.0,0.0,0.1,0.0,0.0,0.1,0.0,0.0,0.0,0.0,-0.1,0.0,0.0,0.0,0.0,0.1,0.0,-0.1
2025-04-04,0.0,0.0,0.0,0.0,0.0,0.0,0.0,0.0,0.1,0.0,0.0,0.0,0.0,0.1,0.0,0.0,0.0,0.0,0.0,-0.1,0.0,0.0,-0.1,0.0,,0.0,-0.1,0.0,,0.0,0.0,0.1,0.0,0.0,0.0,0.0,0.0,0.0,-0.1,0.0,0.0,0.0,0.1,0.0,0.1,0.0,0.0,0.0,-0.1
2025-04-07,0.0,0.1,0.0,0.0,0.0,0.0,0.0,-0.1,0.0,0.0,0.0,0.0,0.0,0.0,0.0,0.0,-0.1,0.0,0.0,0.0,0.0,0.0,0.1,0.0,0.0,0.0,0.0,0.0,0.1,0.0,0.0,-0.1,0.0,-0.1,0.1,0.0,0.0,0.0,0.0,0.0,0.0,0.0,0.0,0.0,0.0,0.0,-0.1,0.0,0.1
2025-04-08,0.0,0.0,0.0,0.0,0.0,0.0,-0.1,-0.1,-0.1,0.0,0.0,0.0,0.0,0.0,0.0,0.0,0.1,0.0,0.0,-0.1,0.0,0.0,0.1,0.1,0.0,0.0,0.0,0.0,0.0,0.0,0.0,0.0,0.0,-0.1,0.1,0.0,0.0,0.0,0.0,0.0,0.0,0.0,0.0,0.0,0.0,0.0,0.0,0.1,0.0
2025-04-09,0.0,0.1,0.0,0.0,0.0,0.1,0.0,-0.1,0.0,0.0,0.0,0.0,0.0,0.0,0.0,0.0,0.0,0.0,0.0,0.0,0.0,-0.1,0.0,0.0,0.0,0.0,0.0,0.0,0.1,0.0,-0.1,0.0,0.0,0.0,0.0,0.0,0.1,0.0,-0.1,0.0,0.0,0.0,0.0,0.0,0.0,-0.1,0.0,0.1,0.0
2025-04-10,0.0,0.0,0.0,0.0,0.0,-0.1,0.0,0.0,0.1,0.0,0.0,0.0,0.0,0.0,0.0,0.0,0.0,0.0,0.0,0.0,0.0,0.1,-0.1,0.0,0.1,0.0,0.0,0.0,-0.1,0.0,0.1,0.0,0.0,0.0,0.0,0.0,0.0,0.0,-0.1,0.0,0.0,0.0,0.0,0.0,0.0,0.0,0.1,-0.1,0.0
2025-04-11,0.0,0.0,0.0,0.0,0.0,0.1,0.0,0.0,0.0,0.0,-0.1,0.0,0.0,0.0,0.0,0.0,0.0,0.0,0.0,0.0,0.0,0.0,-0.1,0.0,0.0,0.0,0.0,0.0,0.1,0.0,0.0,0.1,0.0,0.0,0.0,0.0,0.0,0.0,-0.1,0.0,-0.1,-0.1,0.1,0.0,0.1,0.0,0.0,0.0,0.0
2025-04-14,0.0,0.0,-0.1,0.1,0.0,0.0,0.0,0.0,0.0,0.0,0.1,,0.0,0.1,0.0,0.0,0.0,,,0.0,-0.1,0.0,0.0,0.0,,0.0,0.0,,0.0,0.0,,0.0,0.0,0.0,-0.1,0.0,0.0,0.1,0.0,0.0,-0.1,0.0,-0.1,0.0,0.0,0.1,,0.0,0.0
2025-05-13,0.0,0.0,,-0.1,0.0,0.0,-0.1,0.0,0.0,0.0,0.0,0.0,0.0,0.0,0.0,0.0,0.0,0.0,0.0,0.0,0.0,0.0,0.1,0.1,0.0,0.0,0.0,0.0,-0.1,0.0,0.1,-0.1,0.0,,,0.0,-0.1,0.0,0.0,0.0,0.0,0.1,,0.0,,0.0,,0.0,0.1
2025-06-02,0.0,0.0,0.0,0.0,0.1,0.0,0.0,0.0,0.0,0.0,-0.1,0.0,0.0,0.0,0.0,0.0,0.0,0.0,0.0,0.0,0.0,0.0,0.0,0.0,0.0,-0.1,0.0,0.0,0.0,0.0,-0.1,0.0,0.0,0.1,0.0,0.1,0.0,0.0,0.0,0.0,-0.1,-0.1,0.0,0.1,0.1,0.0,0.0,0.0,0.0
2025-06-23,-0.1,0.0,0.0,0.1,0.0,0.0,0.0,0.0,0.0,0.0,0.0,0.0,0.0,0.0,0.1,0.1,0.0,0.0,0.0,0.0,0.0,0.0,0.0,0.0,0.1,0.0,0.0,0.1,0.0,0.0,0.0,0.0,0.0,0.0,0.0,0.0,0.0,0.0,0.0,0.0,0.0,-0.1,-0.1,0.0,-0.1,-0.1,0.0,0.0,0.0
2025-06-30,0.0,0.1,0.0,0.0,0.0,0.0,-0.1,0.0,0.1,0.0,0.0,0.0,0.0,0.0,0.0,0.0,0.0,0.0,0.0,0.0,0.0,0.1,0.0,0.0,0.1,0.0,-0.1,0.0,0.0,0.1,0.0,-0.1,0.0,0.0,0.0,0.0,0.0,0.0,-0.1,0.0,0.0,0.0,0.0,0.0,0.0,0.0,0.0,-0.1,0.0
2025-07-01,-0.1,-0.1,0.0,0.0,0.0,0.0,0.1,0.0,0.0,0.0,0.0,0.0,0.0,0.0,0.0,0.1,0.1,-0.1,0.0,0.0,0.0,0.0,0.0,0.0,,0.0,0.0,0.0,0.0,0.0,0.0,0.0,,0.0,0.0,0.0,0.1,0.0,,0.0,-0.1,0.0,0.1,0.0,,0.0,-0.1,0.0,0.0
2025-07-02,0.0,0.0,,0.0,0.0,-0.1,0.0,0.0,0.0,0.0,0.0,0.0,0.0,0.0,0.0,0.0,0.0,0.0,0.0,0.0,-0.1,0.0,0.0,0.0,,0.0,0.0,0.0,-0.1,0.1,0.1,0.0,0.0,0.1,0.0,0.0,-0.1,0.0,-0.1,0.0,0.0,0.0,0.0,0.0,0.0,0.1,0.0,0.0,0.1
2025-08-01,0.0,0.0,0.0,0.0,0.0,0.0,-0.1,0.0,0.0,0.0,-0.1,0.0,0.0,,0.0,0.0,0.0,0.0,0.1,0.1,0.0,0.0,0.0,0.0,0.0,-0.1,0.0,-0.1,0.1,-0.1,0.0,0.0,0.0,0.0,0.0,0.1,0.0,0.0,0.1,0.0,0.0,0.0,0.0,0.0,0.0,,0.0,0.0,0.0
2025-08-04,0.0,-0.1,0.0,0.1,0.0,0.0,0.1,0.0,0.1,0.0,-0.1,0.0,0.0,0.0,,0.0,-0.1,0.0,0.0,0.0,0.0,0.0,0.0,0.0,-0.1,0.0,0.0,0.0,,0.0,0.0,-0.1,0.0,0.0,0.0,0.0,0.0,0.0,0.1,0.0,0.0,0.0,0.1,0.0,0.0,,0.0,,0.0
2025-09-19,0.0,0.0,0.0,0.0,0.0,0.0,0.0,0.0,0.0,,,0.0,0.0,0.0,0.0,0.0,0.0,-0.1,-0.1,0.0,0.1,0.0,0.0,0.0,0.0,0.1,0.0,0.0,,0.0,0.0,0.0,0.0,-0.1,0.1,-0.1,,0.0,0.0,0.1,0.0,0.0,0.0,-0.1,,,0.0,,0.1
2025-09-22,-0.1,0.0,-0.1,0.0,0.0,-0.1,0.0,0.0,0.0,0.0,0.0,0.0,0.1,0.1,0.0,0.0,0.0,0.0,0.0,0.0,-0.1,0.0,0.0,0.0,0.0,0.0,0.0,0.0,0.0,-0.1,0.0,0.1,0.0,0.0,0.0,0.1,0.0,0.0,0.0,0.0,0.0,0.0,0.0,0.0,0.1,0.0,0.0,0.0,0.0
2025-10-01,,-0.1,0.0,0.0,,0.0,0.0,0.0,0.1,0.0,0.0,0.1,0.0,0.0,0.0,0.0,0.0,0.0,0.1,0.0,-0.1,0.0,,0.0,-0.1,0.0,,0.1,-0.1,0.0,0.0,0.0,0.1,0.0,0.0,,-0.1,,,0.0,0.0,0.0,0.0,0.0,0.0,0.0,0.0,0.0,0.0
2025-10-02,0.0,-0.1,0.0,0.0,,0.0,0.0,0.0,,0.0,0.0,0.0,0.0,0.1,0.0,0.0,0.1,0.0,0.0,0.0,0.0,0.1,0.0,0.1,-0.1,0.0,0.0,0.1,-0.1,0.0,0.0,-0.1,0.0,0.0,0.0,0.0,-0.1,0.0,,0.0,0.0,0.0,0.0,0.0,,,0.0,,0.0
2025-10-13,0.0,0.0,0.0,0.0,0.0,0.0,0.0,0.0,0.0,0.1,0.1,0.0,0.0,0.0,-0.1,0.0,,0.0,0.0,0.0,0.0,-0.1,0.0,0.0,0.0,0.0,0.0,0.0,0.0,0.0,0.0,0.0,0.0,0.0,0.0,0.1,,0.1,0.0,-0.1,0.0,0.0,0.0,-0.1,0.1,,0.0,-0.1,0.0
2025-10-20,0.0,0.0,0.0,0.0,0.0,0.0,0.1,0.0,0.0,0.0,0.0,0.0,0.0,0.0,0.0,0.0,,0.0,-0.1,-0.1,0.0,0.1,-0.1,0.0,0.1,-0.1,,0.0,0.0,0.0,0.0,,,0.0,0.0,,0.0,,,0.0,0.0,0.0,0.0,0.1,0.0,0.0,0.1,0.0,-0.1
2025-10-30,0.0,0.0,0.0,0.0,0.0,0.0,0.0,0.0,0.0,0.0,0.0,0.0,0.0,,-0.1,-0.1,0.0,0.0,0.1,0.0,0.0,0.0,0.1,0.1,0.0,0.0,,0.0,0.0,0.0,0.0,0.0,0.0,0.0,0.0,0.0,0.0,0.1,0.1,0.0,-0.1,,-0.1,-0.1,0.0,0.0,0.0,0.0,0.0
2025-11-03,0.0,0.1,0.0,,0.0,-0.1,-0.1,0.0,0.0,0.0,0.0,,0.0,0.0,0.0,0.0,,0.0,,0.0,0.0,0.0,0.0,0.1,-0.1,0.0,0.1,0.0,0.0,0.1,0.0,0.0,0.0,0.0,0.0,0.0,-0.1,0.0,,0.1,0.0,0.0,0.0,0.0,-0.1,0.0,0.0,0.0,0.0
2025-11-10,0.0,,0.0,0.0,0.0,0.0,0.0,0.0,0.0,-0.1,0.0,,0.0,0.0,0.1,0.1,,0.1,0.0,0.0,,0.0,-0.1,0.0,0.1,0.0,0.0,0.0,,0.0,0.0,0.1,0.0,0.0,0.0,0.0,0.0,0.0,0.0,0.0,0.0,0.0,-0.1,0.0,-0.1,0.0,0.0,0.0,-0.1
2025-11-14,0.0,0.0,0.0,0.0,0.0,0.0,0.0,0.0,0.1,-0.1,0.0,,-0.1,0.1,0.0,0.0,0.0,0.0,0.0,0.0,0.0,0.1,0.1,0.0,0.0,,,0.0,-0.1,0.0,0.0,-0.1,0.0,0.0,0.0,0.0,0.0,0.0,,,0.0,0.1,0.0,0.0,-0.1,0.0,0.0,0.0,
2025-11-19,0.0,0.0,0.0,,0.0,0.0,0.0,0.0,0.0,0.0,0.1,0.0,0.0,0.0,0.0,0.0,0.1,0.0,0.0,0.0,0.0,0.0,,0.0,0.0,0.1,0.0,0.0,-0.1,0.1,-0.1,0.0,0.0,0.0,0.0,0.0,-0.1,-0.1,0.0,0.0,0.0,0.1,-0.1,,0.0,0.0,,0.0,
2025-11-21,-0.1,,0.1,,0.0,0.0,0.0,0.0,0.0,0.0,0.0,,0.1,0.0,0.0,0.0,0.0,-0.1,0.0,0.0,0.0,0.0,0.0,0.0,0.0,0.0,0.0,-0.1,0.0,0.0,0.1,0.0,0.0,0.0,0.0,0.0,,0.0,,-0.1,0.0,-0.1,0.0,0.0,0.0,0.0,0.1,0.1,
2025-11-24,0.0,0.0,-0.1,-0.1,0.0,0.0,0.0,0.1,0.0,0.0,0.0,,0.0,0.0,0.0,0.0,0.0,0.0,-0.1,0.0,0.0,0.0,-0.1,0.0,0.0,0.0,0.0,0.0,0.0,0.1,0.0,,0.0,0.1,-0.1,0.0,0.0,0.0,,0.0,0.0,0.0,0.0,0.0,0.0,0.1,0.1,0.0,0.0
2025-11-25,0.0,0.1,0.0,0.1,0.0,0.0,0.0,-0.1,0.0,0.0,0.0,0.0,0.0,0.1,-0.1,-0.1,0.0,0.0,0.0,0.0,-0.1,0.0,0.0,0.0,0.0,0.0,0.0,0.0,-0.1,0.0,0.0,0.0,0.0,0.0,0.1,0.0,0.0,0.0,0.0,0.0,0.1,0.0,0.0,0.0,0.0,0.0,0.0,0.0,0.0
2025-11-26,0.0,0.0,0.0,,0.1,0.0,,0.0,0.0,0.0,0.0,0.0,0.0,0.0,0.0,0.0,-0.1,,0.0,,0.0,0.0,0.0,0.0,-0.1,0.0,0.0,0.0,-0.1,0.0,0.1,,0.0,0.1,0.0,0.1,0.0,0.0,,0.0,0.0,-0.1,0.1,0.0,0.0,0.0,0.0,0.0,-0.1
2025-12-16,0.1,0.0,-0.1,0.0,,0.0,0.0,0.1,0.0,-0.1,0.1,0.1,0.0,0.0,0.0,0.0,0.0,,0.0,-0.1,0.0,0.0,0.0,0.0,-0.1,0.0,0.0,0.0,0.0,0.0,0.0,0.0,0.1,,0.0,,0.0,0.0,,0.0,0.0,0.0,0.0,0.0,0.0,0.0,0.0,0.0,-0.1
2025-12-18,0.0,0.0,0.0,0.0,,0.0,0.0,0.0,0.0,-0.1,,,0.1,0.0,0.1,0.0,0.0,,0.0,0.0,0.0,0.0,,0.0,0.0,0.0,-0.1,0.0,0.0,0.0,0.0,0.0,0.0,0.1,-0.1,0.0,0.0,0.0,,0.0,,0.0,-0.1,0.1,-0.1,0.0,0.1,0.0,0.0
2025-12-22,0.0,-0.1,0.0,0.0,0.0,0.0,0.0,0.0,-0.1,0.1,0.0,0.0,-0.1,0.0,0.0,0.0,0.1,0.0,0.0,0.0,0.0,0.0,0.0,0.0,0.0,0.0,0.0,0.1,0.0,0.0,0.0,0.1,0.0,-0.1,0.0,0.0,0.0,0.0,0.0,0.0,0.1,0.0,0.0,0.0,0.0,0.0,-0.1,0.0,0.0
2026-01-06,0.1,0.1,-0.1,0.0,,0.1,0.0,0.0,0.0,0.0,-0.1,0.0,0.0,0.0,0.0,0.0,0.0,0.0,0.0,,0.0,0.0,0.1,0.0,0.1,0.0,0.0,,0.0,0.0,,0.0,0.0,0.0,0.0,0.0,-0.1,0.0,0.0,0.0,0.0,0.0,-0.1,0.0,-0.1,0.0,,0.0,0.0
2026-01-07,0.1,0.0,0.0,-0.1,0.1,-0.1,0.0,0.0,0.0,,0.0,0.0,0.0,,0.0,0.0,0.0,-0.1,0.0,-0.1,0.0,0.0,0.0,0.0,,0.0,0.0,,0.0,0.0,0.0,0.0,,0.0,0.0,0.0,0.0,-0.1,0.0,0.0,0.0,0.0,0.1,0.0,0.1,0.0,,0.0,0.1
2026-01-13,0.0,0.0,0.0,0.0,,0.0,0.0,0.0,0.0,0.0,-0.1,,0.0,0.1,0.0,0.0,0.0,-0.1,0.0,0.1,-0.1,0.0,0.0,,,0.1,0.0,0.1,0.0,0.0,,0.0,0.0,,0.0,0.1,0.0,0.0,0.0,0.0,0.0,-0.1,0.0,,0.0,0.0,0.0,0.0,-0.1
2026-01-15,,0.0,0.0,-0.1,0.0,,0.0,0.0,0.1,0.0,0.0,0.0,0.0,0.0,0.0,0.0,0.0,0.0,0.1,0.0,0.0,0.0,0.0,0.0,,0.0,0.0,0.1,-0.1,0.1,0.1,0.0,0.0,,0.0,,-0.1,0.0,,0.0,-0.1,0.0,0.0,0.0,0.0,0.0,0.0,0.0,-0.1
2026-01-20,0.0,0.0,0.1,0.0,0.0,0.0,0.0,-0.1,0.0,0.0,0.0,0.0,0.0,0.1,0.0,0.0,0.0,-0.1,0.0,0.0,0.0,-0.1,0.0,0.0,0.0,0.0,,0.0,0.1,-0.1,0.0,0.0,0.1,0.0,0.0,0.0,0.0,0.0,0.1,0.0,0.0,0.0,0.0,0.0,0.0,-0.1,,0.0,0.0
2026-01-21,0.1,0.0,0.0,0.1,-0.1,0.0,0.0,0.0,0.0,0.1,0.0,0.0,0.0,0.0,0.0,0.0,0.0,0.0,0.0,0.0,0.0,0.0,-0.1,0.0,,0.0,0.1,0.0,0.0,0.0,0.0,0.0,0.0,0.0,-0.1,0.0,-0.1,0.0,-0.1,0.0,0.0,0.0,0.0,0.0,0.0,0.0,0.0,0.0,0.1
2026-01-22,0.0,0.0,0.0,0.0,-0.1,-0.1,0.1,0.1,0.0,0.0,-0.1,0.0,0.0,0.0,0.0,0.0,0.0,0.0,0.0,0.0,0.0,0.0,0.0,-0.1,-0.1,0.0,0.0,,0.0,0.1,0.1,0.0,0.0,0.0,0.0,0.0,0.0,0.0,0.0,0.0,,0.0,0.0,0.0,0.0,0.0,0.1,0.0,0.0
2026-01-30,0.0,0.0,0.0,0.0,0.0,0.0,0.0,,-0.1,0.0,,0.1,0.0,0.0,0.0,0.0,0.0,-0.1,0.1,0.1,0.0,0.0,0.0,0.0,,-0.1,0.0,-0.1,0.0,0.1,,,0.1,0.0,0.0,0.0,0.0,0.0,0.0,0.0,0.0,,0.0,-0.1,0.0,0.0,0.0,0.0,0.0
2026-02-02,0.0,0.0,0.0,0.0,0.1,0.0,0.0,0.0,0.0,0.0,0.1,0.0,0.0,0.0,0.0,0.0,0.0,0.0,0.0,,0.0,0.0,-0.1,0.0,0.0,0.0,0.0,0.1,-0.1,0.0,0.0,0.0,0.0,0.0,0.0,0.0,0.1,0.0,0.0,0.1,-0.1,0.0,0.0,0.0,-0.1,0.0,0.0,-0.1,0.0
2026-02-03,-0.1,0.0,0.0,0.0,0.0,,0.0,,0.0,0.0,-0.1,0.0,0.0,0.1,0.0,0.0,0.0,0.0,0.0,0.1,0.0,0.0,0.0,,,0.0,0.0,0.0,0.0,0.0,,,0.0,0.1,0.0,0.0,0.0,0.0,0.0,-0.1,0.0,-0.1,0.1,-0.1,0.0,0.0,0.1,0.0,0.0
2026-02-04,0.0,0.0,0.0,0.1,0.0,0.0,0.0,0.0,0.0,0.0,0.0,0.1,-0.1,0.0,0.0,0.0,0.0,0.0,0.1,0.0,0.0,-0.1,0.0,0.0,0.0,0.0,0.0,0.0,0.0,0.0,0.1,0.0,0.1,0.0,0.0,0.0,0.0,0.0,0.0,0.0,0.0,-0.1,-0.1,0.0,0.0,0.0,0.0,-0.1,0.0
2026-02-05,0.0,0.1,0.0,0.0,0.1,-0.1,0.0,0.0,0.0,-0.1,0.0,0.0,0.1,0.0,0.0,0.0,0.0,0.0,0.0,0.0,0.0,0.0,0.0,-0.1,-0.1,0.0,0.0,0.0,0.0,0.0,0.0,-0.1,0.0,0.1,0.0,0.0,0.0,0.0,0.0,0.0,0.0,0.0,0.0,0.0,0.0,0.0,0.1,0.0,0.0
2026-02-06,0.0,0.0,0.0,0.0,0.0,0.0,0.0,-0.1,,0.0,0.0,0.0,-0.1,0.0,0.0,-0.1,0.0,0.0,0.0,0.0,-0.1,0.0,-0.1,0.1,0.1,0.0,0.0,0.0,0.0,0.0,0.0,,0.1,0.0,0.0,0.1,0.1,0.0,0.0,0.0,0.0,0.0,0.0,0.0,0.0,0.0,0.0,0.0,0.0
2026-02-09,0.0,0.0,0.0,0.0,0.0,-0.1,0.1,0.0,0.0,0.0,0.0,0.0,0.0,0.0,0.1,0.1,0.0,0.0,0.0,0.0,0.0,0.0,0.0,0.1,0.0,0.0,0.0,0.0,0.0,0.0,0.0,,0.0,-0.1,0.0,0.0,0.0,0.1,0.0,0.0,0.0,-0.1,-0.1,0.0,0.0,0.0,,-0.1,0.0
2026-02-10,0.0,0.0,0.0,0.0,0.0,0.0,0.0,0.0,,0.1,,0.0,-0.1,0.0,0.0,0.0,,0.0,0.0,0.0,0.0,0.0,0.0,-0.1,0.0,0.1,,0.0,0.1,0.0,,,0.0,0.0,0.0,0.0,0.0,0.0,0.0,0.1,0.0,0.0,-0.1,0.0,-0.1,0.0,-0.1,0.1,0.0
2026-02-13,0.1,-0.1,0.0,0.0,,0.0,0.0,,0.0,0.0,-0.1,0.0,0.1,0.1,0.0,0.0,0.0,0.0,0.0,0.0,-0.1,0.0,0.0,0.0,0.0,0.0,-0.1,0.0,0.0,0.0,0.1,,0.0,0.0,0.0,0.0,0.0,0.0,0.0,0.0,0.0,-0.1,0.1,0.0,0.0,0.0,,0.0,0.0
2026-03-02,0.1,-0.1,0.0,0.0,0.0,0.0,0.0,0.0,0.1,0.0,-0.1,0.0,0.0,0.0,0.0,0.0,0.0,0.0,0.0,,-0.1,0.1,0.0,0.0,0.0,0.0,0.0,0.0,-0.1,0.0,-0.1,0.1,0.0,0.1,0.0,0.0,,0.0,0.0,0.0,0.0,0.0,0.0,0.0,0.0,0.0,0.0,0.0,0.0
2026-03-06,0.0,0.0,0.0,0.0,0.0,0.0,0.0,-0.1,0.0,0.0,0.1,-0.1,0.0,0.0,0.0,0.0,0.0,0.0,-0.1,,0.1,0.0,0.0,0.0,0.0,0.0,0.0,0.0,0.1,0.0,0.0,0.0,-0.1,0.0,,,0.0,0.0,,0.0,0.0,0.1,0.0,0.0,-0.1,0.0,0.0,0.0,0.1
2026-03-23,0.0,0.0,0.0,0.0,0.0,0.0,0.0,0.0,-0.1,0.0,0.0,0.0,0.0,-0.1,0.0,0.0,0.1,0.0,0.0,-0.1,0.1,0.0,0.1,0.0,0.0,-0.1,0.0,0.0,0.0,0.0,0.0,0.0,0.0,0.0,0.0,0.0,,0.0,0.0,-0.1,0.0,0.1,0.0,0.0,0.0,0.0,0.0,0.1,0.0
2026-04-01,0.0,0.0,0.0,0.1,0.0,0.0,0.0,0.0,0.0,0.0,0.0,,0.1,0.0,-0.1,-0.1,0.0,,,0.0,0.0,0.0,0.0,0.1,-0.1,0.0,0.0,0.0,0.0,0.0,-0.1,0.0,,0.0,0.0,0.1,0.0,0.0,0.0,0.0,-0.1,0.0,0.0,0.0,0.1,0.0,,0.0,
2026-04-20,0.0,0.0,0.0,,0.1,0.0,0.0,0.0,0.0,0.0,0.0,0.0,0.0,0.0,0.0,0.0,-0.1,0.0,,0.0,0.0,0.0,,0.1,0.0,0.0,-0.1,0.0,-0.1,0.0,0.1,0.0,,0.0,-0.1,0.0,0.0,0.0,0.0,0.0,,-0.1,0.1,0.0,0.0,0.0,0.1,0.0,0.0
2026-05-01,0.0,0.0,0.0,0.0,0.0,0.0,0.0,0.0,,0.1,0.0,0.0,0.0,0.0,-0.1,-0.1,0.0,0.0,,0.0,0.0,0.0,0.0,0.0,-0.1,0.1,0.0,0.1,0.0,0.1,0.0,0.0,0.0,0.1,0.0,-0.1,0.0,0.0,0.0,0.0,0.0,0.0,0.0,-0.1,0.0,0.0,,0.0,0.0
2026-05-07,0.0,0.0,0.0,0.0,-0.1,0.0,0.0,0.1,,-0.1,0.1,,0.1,-0.1,0.0,0.0,0.0,0.0,,0.0,0.0,0.0,0.0,0.0,0.0,0.0,0.0,0.0,,0.0,0.0,0.0,0.0,-0.1,0.0,0.0,0.0,0.0,0.0,0.0,,,0.1,0.0,0.1,-0.1,0.0,,0.0
2026-05-20,0.0,-0.1,0.0,0.0,0.0,-0.1,0.1,0.0,0.0,0.1,-0.1,0.0,0.1,,0.0,0.0,0.0,0.0,0.0,0.0,0.0,,0.0,0.1,-0.1,0.1,0.0,,,0.0,,0.0,0.0,0.0,0.0,0.0,0.0,0.0,,0.0,-0.1,0.0,0.0,0.0,0.0,0.0,,0.0,0.0
2026-06-01,0.0,0.0,0.0,0.0,0.0,0.0,0.0,0.0,0.0,0.0,0.1,-0.1,0.0,0.0,0.0,0.0,0.0,-0.1,0.0,0.0,0.1,0.0,0.1,0.0,0.0,0.0,0.0,0.0,0.0,-0.1,0.0,0.0,-0.1,0.0,0.1,0.0,0.0,0.1,0.0,0.0,0.0,0.0,0.0,0.0,0.0,0.0,-0.1,0.0,0.0
2026-06-08,0.0,0.0,0.0,,0.0,0.0,0.0,0.0,0.0,-0.1,0.0,0.0,0.1,-0.1,0.0,0.0,,0.0,0.0,0.0,0.0,0.0,-0.1,0.0,0.0,0.0,-0.1,0.0,0.0,0.0,0.0,,0.0,0.0,-0.1,0.1,,0.1,0.0,0.0,,0.0,0.1,0.0,,,0.1,0.0,0.0
2026-06-10,0.1,,0.0,,0.0,0.0,0.0,0.0,0.0,0.0,0.0,0.1,0.0,0.0,0.0,0.0,-0.1,0.0,0.0,0.0,0.0,0.0,-0.1,-0.1,0.0,0.0,0.0,0.0,0.0,0.1,,-0.1,0.1,0.0,0.0,0.0,-0.1,0.0,0.0,0.0,0.0,0.0,0.1,0.0,,0.0,0.0,0.0,0.0
